name,number,type,partyName,responsiblePersonName,facts,basis,decision,organName,date,status
上海林丽五金模具有限公司,沪银罚[2015]第028488号,1,test1,NULL,NULL,违反票据管理规定,罚款5000.00元,中国人民银行上海分行,2016-08-01,0
上海金珊纸品包装有限公司,沪银罚[2016]第009602号,1,test2,NULL,NULL,违反票据管理规定,罚款4253.15元,中国人民银行上海分行,2016-08-01,0
上海市青浦区华新镇青嘉华建材商行,沪银罚[2016]第009603号,1,test3,NULL,NULL,违反票据管理规定,罚款25000.00元,中国人民银行上海分行,2016-08-01,0
上海春蛟实业有限公司,沪银罚[2016]第009605号,1,test4,NULL,NULL,违反票据管理规定,罚款1000.00元,中国人民银行上海分行,2016-08-01,0
上海苏馨装饰设计有限公司,沪银罚[2016]第009611号,1,test5,NULL,NULL,违反票据管理规定,罚款1150.00元,中国人民银行上海分行,2016-08-01,0
上海瑞庭环境科技有限公司,沪银罚[2016]第009612号,1,test6,NULL,NULL,违反票据管理规定,罚款1000.00元,中国人民银行上海分行,2016-08-01,0
上海衡桐物资有限公司,沪银罚[2016]第009613号,1,test7,NULL,NULL,违反票据管理规定,罚款1000.00元,中国人民银行上海分行,2016-08-01,0
上海卡斯狄尔实业有限公司,沪银罚[2016]第009614号,1,test8,NULL,NULL,违反票据管理规定,罚款1000.00元,中国人民银行上海分行,2016-08-01,0
上海湘府餐饮有限公司,沪银罚[2016]第009615号,1,test9,NULL,NULL,违反票据管理规定,罚款2319.85元,中国人民银行上海分行,2016-08-01,0
中国人民解放军91528部队,沪银罚[2016]第009617号,1,test10,NULL,NULL,违反票据管理规定,罚款1000.00元,中国人民银行上海分行,2016-08-01,0
浙江浙商保险销售有限公司上海分公司,沪银罚[2016]第009618号,1,test11,NULL,NULL,违反票据管理规定,罚款1000.00元,中国人民银行上海分行,2016-08-01,0
上海昊昱橱柜有限公司,沪银罚[2016]第009619号,1,test12,NULL,NULL,违反票据管理规定,罚款2500.00元,中国人民银行上海分行,2016-08-01,0
上海卡斯狄尔实业有限公司,沪银罚[2016]第009620号,1,test13,NULL,NULL,违反票据管理规定,罚款1000.00元,中国人民银行上海分行,2016-08-01,0
上海川臻实业有限公司,沪银罚[2016]第009621号,1,test14,NULL,NULL,违反票据管理规定,罚款4810.00元,中国人民银行上海分行,2016-08-01,0
上海兢尧装饰材料有限公司,沪银罚[2016]第009622号,1,test15,NULL,NULL,违反票据管理规定,罚款1179.00元,中国人民银行上海分行,2016-08-01,0
上海艾利标识制作有限公司,沪银罚[2016]第009623号,1,test16,NULL,NULL,违反票据管理规定,罚款10000.00元,中国人民银行上海分行,2016-08-01,0
上海铭丰纺织品有限公司,沪银罚[2016]第009624号,1,test17,NULL,NULL,违反票据管理规定,罚款1000.00元,中国人民银行上海分行,2016-08-01,0
上海市松江区水产良种场松江鲈鱼分场,沪银罚[2016]第009625号,1,test18,NULL,NULL,违反票据管理规定,罚款1000.00元,中国人民银行上海分行,2016-08-01,0
上海沪杰保安服务有限公司,沪银罚[2016]第009627号,1,test19,NULL,NULL,违反票据管理规定,罚款1000.00元,中国人民银行上海分行,2016-08-01,0
上海扬通钢铁有限公司,沪银罚[2016]第009628号,1,test20,NULL,NULL,违反票据管理规定,罚款1000.00元,中国人民银行上海分行,2016-08-01,0
上海市闵行区七宝申光五金经营部,沪银罚[2016]第009632号,1,test21,NULL,NULL,违反票据管理规定,罚款2610.00元,中国人民银行上海分行,2016-08-01,0
上海富轩家具有限公司,沪银罚[2016]第009634号,1,test22,NULL,NULL,违反票据管理规定,罚款1000.00元,中国人民银行上海分行,2016-08-01,0
上海南上海贸易有限公司,沪银罚[2016]第009635号,1,test23,NULL,NULL,违反票据管理规定,罚款1821.85元,中国人民银行上海分行,2016-08-01,0
上海勤嘉餐饮管理有限公司,沪银罚[2016]第009636号,1,test24,NULL,NULL,违反票据管理规定,罚款1250.00元,中国人民银行上海分行,2016-08-01,0
上海自博云石工具有限公司,沪银罚[2016]第009637号,1,test25,NULL,NULL,违反票据管理规定,罚款3060.00元,中国人民银行上海分行,2016-08-01,0
上海立广建筑装饰工程有限公司,沪银罚[2016]第009639号,1,test26,NULL,NULL,违反票据管理规定,罚款2993.00元,中国人民银行上海分行,2016-08-01,0
上海佳源食品有限公司,沪银罚[2016]第009640号,1,test27,NULL,NULL,违反票据管理规定,罚款1000.00元,中国人民银行上海分行,2016-08-01,0
上海市浦东新区宣桥镇九顺装潢材料经营部,沪银罚[2016]第009641号,1,test28,NULL,NULL,违反票据管理规定,罚款1979.85元,中国人民银行上海分行,2016-08-01,0
上海礼畅塑料制品有限公司,沪银罚[2016]第009642号,1,test29,NULL,NULL,违反票据管理规定,罚款1000.00元,中国人民银行上海分行,2016-08-01,0
钦联(上海)金融信息服务有限公司,沪银罚[2016]第009643号,1,test30,NULL,NULL,违反票据管理规定,罚款17373.95元,中国人民银行上海分行,2016-08-01,0
上海皓辰广告有限公司,沪银罚[2016]第009644号,1,test31,NULL,NULL,违反票据管理规定,罚款1345.00元,中国人民银行上海分行,2016-08-01,0
上海园盛汽车零部件制造有限公司,沪银罚[2016]第009645号,1,test32,NULL,NULL,违反票据管理规定,罚款2500.00元,中国人民银行上海分行,2016-08-01,0
上海海策建设有限公司,沪银罚[2016]第009646号,1,test33,NULL,NULL,违反票据管理规定,罚款7500.00元,中国人民银行上海分行,2016-08-01,0
上海君强制衣厂,沪银罚[2016]第009647号,1,test34,NULL,NULL,违反票据管理规定,罚款1500.00元,中国人民银行上海分行,2016-08-01,0
上海川臻实业有限公司,沪银罚[2016]第009648号,1,test35,NULL,NULL,违反票据管理规定,罚款1280.00元,中国人民银行上海分行,2016-08-01,0
上海芳泉装潢有限公司,沪银罚[2016]第009649号,1,test36,NULL,NULL,违反票据管理规定,罚款1000.00元,中国人民银行上海分行,2016-08-01,0
上海宝康绿化工程有限公司,沪银罚[2016]第009650号,1,test37,NULL,NULL,违反票据管理规定,罚款5000.00元,中国人民银行上海分行,2016-08-01,0
上海巴望木业有限公司,沪银罚[2014]第020491号,1,test38,NULL,NULL,违反票据管理规定,罚款1500.00元,中国人民银行上海分行,2016-08-02,0
上海通豪国际物流有限公司,沪银罚[2014]第029271号,1,test39,NULL,NULL,违反票据管理规定,罚款7884.59元,中国人民银行上海分行,2016-08-02,0
上海巴望木业有限公司,沪银罚[2014]第029330号,1,test40,NULL,NULL,违反票据管理规定,罚款2500.00元,中国人民银行上海分行,2016-08-02,0
上海巴望木业有限公司,沪银罚[2014]第030226号,1,test41,NULL,NULL,违反票据管理规定,罚款2500.00元,中国人民银行上海分行,2016-08-02,0
上海巴望木业有限公司,沪银罚[2014]第030508号,1,test42,NULL,NULL,违反票据管理规定,罚款1000.00元,中国人民银行上海分行,2016-08-02,0
上海巴望木业有限公司,沪银罚[2014]第031738号,1,test43,NULL,NULL,违反票据管理规定,罚款2500.00元,中国人民银行上海分行,2016-08-02,0
上海宏轩货运代理有限公司,沪银罚[2015]第033094号,1,test44,NULL,NULL,违反票据管理规定,罚款2460.00元,中国人民银行上海分行,2016-08-02,0
上海大巧装饰工程有限公司,沪银罚[2016]第004109号,1,test45,NULL,NULL,违反票据管理规定,罚款1000.00元,中国人民银行上海分行,2016-08-02,0
上海濮建贸易销售中心,沪银罚[2016]第005622号,1,test46,NULL,NULL,违反票据管理规定,罚款1071.28元,中国人民银行上海分行,2016-08-02,0
上海濮建贸易销售中心,沪银罚[2016]第005696号,1,test47,NULL,NULL,违反票据管理规定,罚款1600.00元,中国人民银行上海分行,2016-08-02,0
上海康纳王建筑装饰材料有限公司,沪银罚[2016]第006718号,1,test48,NULL,NULL,违反票据管理规定,罚款1000.00元,中国人民银行上海分行,2016-08-02,0
上海四纬印务科技有限公司,沪银罚[2016]第008312号,1,test49,NULL,NULL,违反票据管理规定,罚款1130.40元,中国人民银行上海分行,2016-08-02,0
上海市宝山区天天塑钢门窗经营部,沪银罚[2016]第009512号,1,test50,NULL,NULL,违反票据管理规定,罚款2765.00元,中国人民银行上海分行,2016-08-02,0
上海市宝山区天天塑钢门窗经营部,沪银罚[2016]第009513号,1,test51,NULL,NULL,违反票据管理规定,罚款1000.00元,中国人民银行上海分行,2016-08-02,0
上海久殷机械设备制造有限公司,沪银罚[2016]第009527号,1,test52,NULL,NULL,违反票据管理规定,罚款1174.70元,中国人民银行上海分行,2016-08-02,0
上海暨凯汽车配件有限公司,沪银罚[2016]第009601号,1,test53,NULL,NULL,违反票据管理规定,罚款1000.00元,中国人民银行上海分行,2016-08-02,0
上海冰际电器经营部,沪银罚[2016]第009610号,1,test54,NULL,NULL,违反票据管理规定,罚款1000.00元,中国人民银行上海分行,2016-08-02,0
上海宝康绿化工程有限公司,沪银罚[2016]第009651号,1,test55,NULL,NULL,违反票据管理规定,罚款7500.00元,中国人民银行上海分行,2016-08-02,0
上海鸿唐实业有限公司,沪银罚[2016]第009652号,1,test56,NULL,NULL,违反票据管理规定,罚款5000.00元,中国人民银行上海分行,2016-08-02,0
上海科逸建筑装饰工程有限公司,沪银罚[2016]第009655号,1,test57,NULL,NULL,违反票据管理规定,罚款8400.00元,中国人民银行上海分行,2016-08-02,0
上海光城邮电通信设备有限公司,沪银罚[2016]第009657号,1,test58,NULL,NULL,违反票据管理规定,罚款9965.00元,中国人民银行上海分行,2016-08-02,0
上海南涛家具厂,沪银罚[2016]第009658号,1,test59,NULL,NULL,违反票据管理规定,罚款1250.00元,中国人民银行上海分行,2016-08-02,0
上海浩硕建筑工程有限公司,沪银罚[2016]第009659号,1,test60,NULL,NULL,违反票据管理规定,罚款10000.00元,中国人民银行上海分行,2016-08-02,0
上海凯瑞印务有限公司,沪银罚[2016]第009660号,1,test61,NULL,NULL,违反票据管理规定,罚款2327.19元,中国人民银行上海分行,2016-08-02,0
上海瑞隆工贸商行,沪银罚[2016]第009662号,1,test62,NULL,NULL,违反票据管理规定,罚款1900.00元,中国人民银行上海分行,2016-08-02,0
上海长绣纺织品有限公司,沪银罚[2016]第009663号,1,test63,NULL,NULL,违反票据管理规定,罚款1000.00元,中国人民银行上海分行,2016-08-02,0
上海雅旭文具有限公司,沪银罚[2016]第009665号,1,test64,NULL,NULL,违反票据管理规定,罚款1000.00元,中国人民银行上海分行,2016-08-02,0
上海薇图包装材料有限公司,沪银罚[2016]第009666号,1,test65,NULL,NULL,违反票据管理规定,罚款1000.00元,中国人民银行上海分行,2016-08-02,0
上海碧昂仪器设备有限公司,沪银罚[2016]第009667号,1,test66,NULL,NULL,违反票据管理规定,罚款1000.00元,中国人民银行上海分行,2016-08-02,0
上海荣信家具有限公司,沪银罚[2016]第009668号,1,test67,NULL,NULL,违反票据管理规定,罚款1000.00元,中国人民银行上海分行,2016-08-02,0
上海潜辰实业有限公司,沪银罚[2016]第009672号,1,test68,NULL,NULL,违反票据管理规定,罚款1000.00元,中国人民银行上海分行,2016-08-02,0
上海泗和建筑装饰服务部,沪银罚[2016]第009673号,1,test69,NULL,NULL,违反票据管理规定,罚款1000.00元,中国人民银行上海分行,2016-08-02,0
上海富蓝机电设备有限公司,沪银罚[2016]第009675号,1,test70,NULL,NULL,违反票据管理规定,罚款1000.00元,中国人民银行上海分行,2016-08-02,0
上海亭曼贸易有限公司,沪银罚[2016]第009677号,1,test71,NULL,NULL,违反票据管理规定,罚款1000.00元,中国人民银行上海分行,2016-08-02,0
上海宝鼎机械制造有限公司,沪银罚[2016]第009680号,1,test72,NULL,NULL,违反票据管理规定,罚款1000.00元,中国人民银行上海分行,2016-08-02,0
上海纵通实业有限公司,沪银罚[2016]第009682号,1,test73,NULL,NULL,违反票据管理规定,罚款2500.00元,中国人民银行上海分行,2016-08-02,0
上海衡琪建材有限公司,沪银罚[2016]第009683号,1,test74,NULL,NULL,违反票据管理规定,罚款1000.00元,中国人民银行上海分行,2016-08-02,0
上海谢林纸箱包装有限公司,沪银罚[2016]第009685号,1,test75,NULL,NULL,违反票据管理规定,罚款1000.00元,中国人民银行上海分行,2016-08-02,0
上海闵行七宝镇恒达木业经营部,沪银罚[2011]第011422号,1,test76,NULL,NULL,违反票据管理规定,罚款1357.00元,中国人民银行上海分行,2016-08-03,0
上海闵行七宝镇恒达木业经营部,沪银罚[2011]第033706号,1,test77,NULL,NULL,违反票据管理规定,罚款3000.00元,中国人民银行上海分行,2016-08-03,0
上海闵行七宝镇恒达木业经营部,沪银罚[2011]第033707号,1,test78,NULL,NULL,违反票据管理规定,罚款1925.45元,中国人民银行上海分行,2016-08-03,0
上海俊杉餐饮有限公司,沪银罚[2014]第021439号,1,test79,NULL,NULL,违反票据管理规定,罚款1000.00元,中国人民银行上海分行,2016-08-03,0
上海俊杉餐饮有限公司,沪银罚[2014]第021649号,1,test80,NULL,NULL,违反票据管理规定,罚款1000.00元,中国人民银行上海分行,2016-08-03,0
上海荣星木业有限公司,沪银罚[2015]第013347号,1,test81,NULL,NULL,违反票据管理规定,罚款1000.00元,中国人民银行上海分行,2016-08-03,0
上海荣星木业有限公司,沪银罚[2015]第024273号,1,test82,NULL,NULL,违反票据管理规定,罚款1000.00元,中国人民银行上海分行,2016-08-03,0
上海闵行七宝镇恒达木业经营部,沪银罚[2016]第001040号,1,test83,NULL,NULL,违反票据管理规定,罚款1000.00元,中国人民银行上海分行,2016-08-03,0
上海富汇机械配件有限公司,沪银罚[2016]第008622号,1,test84,NULL,NULL,违反票据管理规定,罚款1000.00元,中国人民银行上海分行,2016-08-03,0
上海巨浦劳防用品有限公司,沪银罚[2016]第009701号,1,test85,NULL,NULL,违反票据管理规定,罚款2433.53元,中国人民银行上海分行,2016-08-03,0
上海弘仁投资管理有限公司,沪银罚[2016]第009704号,1,test86,NULL,NULL,违反票据管理规定,罚款1000.00元,中国人民银行上海分行,2016-08-03,0
上海亚弋机械有限公司,沪银罚[2016]第009705号,1,test87,NULL,NULL,违反票据管理规定,罚款1000.00元,中国人民银行上海分行,2016-08-03,0
上海栖可企业管理咨询有限公司,沪银罚[2016]第009706号,1,test88,NULL,NULL,违反票据管理规定,罚款1000.00元,中国人民银行上海分行,2016-08-03,0
上海银信融资担保有限公司,沪银罚[2016]第009707号,1,test89,NULL,NULL,违反票据管理规定,罚款1000.00元,中国人民银行上海分行,2016-08-03,0
上海嘉封蔬菜专业合作社,沪银罚[2016]第009708号,1,test90,NULL,NULL,违反票据管理规定,罚款3500.00元,中国人民银行上海分行,2016-08-03,0
秉誉企业管理咨询(上海)有限公司,沪银罚[2016]第009709号,1,test91,NULL,NULL,违反票据管理规定,罚款1000.00元,中国人民银行上海分行,2016-08-03,0
上海精机模具有限公司,沪银罚[2016]第009711号,1,test92,NULL,NULL,违反票据管理规定,罚款1000.00元,中国人民银行上海分行,2016-08-03,0
协耀实业(上海)有限公司,沪银罚[2016]第009713号,1,test93,NULL,NULL,违反票据管理规定,罚款1390.00元,中国人民银行上海分行,2016-08-03,0
上海灵貅资产管理有限公司,沪银罚[2016]第009716号,1,test94,NULL,NULL,违反票据管理规定,罚款1000.00元,中国人民银行上海分行,2016-08-03,0
上海秉众实业有限公司,沪银罚[2016]第009718号,1,test95,NULL,NULL,违反票据管理规定,罚款1000.00元,中国人民银行上海分行,2016-08-03,0
上海铁本实业投资有限公司,沪银罚[2016]第009722号,1,test96,NULL,NULL,违反票据管理规定,罚款1000.00元,中国人民银行上海分行,2016-08-03,0
上海市徐汇区运添南北货经营部,沪银罚[2016]第009724号,1,test97,NULL,NULL,违反票据管理规定,罚款4512.10元,中国人民银行上海分行,2016-08-03,0
上海泽基实业发展有限公司,沪银罚[2016]第009725号,1,test98,NULL,NULL,违反票据管理规定,罚款2298.80元,中国人民银行上海分行,2016-08-03,0
上海漆鼎实业发展有限公司,沪银罚[2016]第009729号,1,test99,NULL,NULL,违反票据管理规定,罚款350000.00元,中国人民银行上海分行,2016-08-03,0
上海榀臻时装有限公司,沪银罚[2016]第009730号,1,test100,NULL,NULL,违反票据管理规定,罚款1000.00元,中国人民银行上海分行,2016-08-03,0
珠海横琴新区合众联盟投资管理有限公司上海纯众投资分公司,沪银罚[2016]第009732号,1,test101,NULL,NULL,违反票据管理规定,罚款1000.00元,中国人民银行上海分行,2016-08-03,0
上海圣友精密模塑有限公司,沪银罚[2016]第009734号,1,test102,NULL,NULL,违反票据管理规定,罚款1000.00元,中国人民银行上海分行,2016-08-03,0
上海益首印刷科技有限公司,沪银罚[2016]第009735号,1,test103,NULL,NULL,违反票据管理规定,罚款1000.00元,中国人民银行上海分行,2016-08-03,0
嘉定区华亭镇农科站,沪银罚[2016]第009736号,1,test104,NULL,NULL,违反票据管理规定,罚款1862.80元,中国人民银行上海分行,2016-08-03,0
上海闵行七宝良财木业经营部,沪银罚[2016]第009737号,1,test105,NULL,NULL,违反票据管理规定,罚款1450.00元,中国人民银行上海分行,2016-08-03,0
上海朵鹏贸易有限公司,沪银罚[2016]第009739号,1,test106,NULL,NULL,违反票据管理规定,罚款2250.00元,中国人民银行上海分行,2016-08-03,0
上海池展贸易有限公司,沪银罚[2016]第009740号,1,test107,NULL,NULL,违反票据管理规定,罚款4020.50元,中国人民银行上海分行,2016-08-03,0
上海多棱木业有限公司,沪银罚[2016]第009744号,1,test108,NULL,NULL,违反票据管理规定,罚款2500.00元,中国人民银行上海分行,2016-08-03,0
上海进鑫轮胎销售有限公司,沪银罚[2016]第009747号,1,test109,NULL,NULL,违反票据管理规定,罚款3500.00元,中国人民银行上海分行,2016-08-03,0
上海纳津实业发展有限公司,沪银罚[2016]第009749号,1,test110,NULL,NULL,违反票据管理规定,罚款5000.00元,中国人民银行上海分行,2016-08-03,0
上海方心制药科技有限公司,沪银罚[2016]第009750号,1,test111,NULL,NULL,违反票据管理规定,罚款1000.00元,中国人民银行上海分行,2016-08-03,0
上海骤兴建筑装饰工程有限公司,沪银罚[2016]第009753号,1,test112,NULL,NULL,违反票据管理规定,罚款18825.00元,中国人民银行上海分行,2016-08-03,0
上海瑞众投资有限公司,沪银罚[2016]第009754号,1,test113,NULL,NULL,违反票据管理规定,罚款1000.00元,中国人民银行上海分行,2016-08-03,0
上海云桂会展服务有限公司,沪银罚[2016]第009755号,1,test114,NULL,NULL,违反票据管理规定,罚款1000.00元,中国人民银行上海分行,2016-08-03,0
上海凯狄商贸有限公司,沪银罚[2016]第009757号,1,test115,NULL,NULL,违反票据管理规定,罚款10000.00元,中国人民银行上海分行,2016-08-03,0
上海达索特种集装箱发展有限公司,沪银罚[2016]第009758号,1,test116,NULL,NULL,违反票据管理规定,罚款3160.80元,中国人民银行上海分行,2016-08-03,0
上海瑞景国际物流有限公司,沪银罚[2016]第009759号,1,test117,NULL,NULL,违反票据管理规定,罚款1000.00元,中国人民银行上海分行,2016-08-03,0
上海张唐景观艺术工程有限公司,沪银罚[2016]第009760号,1,test118,NULL,NULL,违反票据管理规定,罚款1000.00元,中国人民银行上海分行,2016-08-03,0
上海若锦建筑装饰工程有限公司,沪银罚[2014]第035176号,1,test119,NULL,NULL,违反票据管理规定,罚款1000.00元,中国人民银行上海分行,2016-08-04,0
上海君燕建筑工程发展有限公司,沪银罚[2015]第004334号,1,test120,NULL,NULL,违反票据管理规定,罚款2500.00元,中国人民银行上海分行,2016-08-04,0
上海磐嵘建设工程有限公司,沪银罚[2015]第014374号,1,test121,NULL,NULL,违反票据管理规定,罚款10000.00元,中国人民银行上海分行,2016-08-04,0
上海泰格国际旅行社有限公司,沪银罚[2015]第027220号,1,test122,NULL,NULL,违反票据管理规定,罚款3189.45元,中国人民银行上海分行,2016-08-04,0
上海龙珏建筑装潢有限公司,沪银罚[2016]第005924号,1,test123,NULL,NULL,违反票据管理规定,罚款15000.00元,中国人民银行上海分行,2016-08-04,0
上海芦洋港口工程有限公司,沪银罚[2016]第009357号,1,test124,NULL,NULL,违反票据管理规定,罚款7500.00元,中国人民银行上海分行,2016-08-04,0
上海芦洋港口工程有限公司,沪银罚[2016]第009656号,1,test125,NULL,NULL,违反票据管理规定,罚款10000.00元,中国人民银行上海分行,2016-08-04,0
上海倩飞建筑装饰工程有限公司,沪银罚[2016]第009742号,1,test126,NULL,NULL,违反票据管理规定,罚款1500.00元,中国人民银行上海分行,2016-08-04,0
上海倩飞建筑装饰工程有限公司,沪银罚[2016]第009743号,1,test127,NULL,NULL,违反票据管理规定,罚款1087.65元,中国人民银行上海分行,2016-08-04,0
上海岸林广告有限公司,沪银罚[2016]第009746号,1,test128,NULL,NULL,违反票据管理规定,罚款17272.15元,中国人民银行上海分行,2016-08-04,0
上海舜沪建筑装饰工程有限公司,沪银罚[2016]第009801号,1,test129,NULL,NULL,违反票据管理规定,罚款1950.00元,中国人民银行上海分行,2016-08-04,0
上海三际石业有限公司,沪银罚[2016]第009802号,1,test130,NULL,NULL,违反票据管理规定,罚款2500.00元,中国人民银行上海分行,2016-08-04,0
上海泓远体育用品有限公司,沪银罚[2016]第009803号,1,test131,NULL,NULL,违反票据管理规定,罚款1000.00元,中国人民银行上海分行,2016-08-04,0
上海融宁信息技术有限公司,沪银罚[2016]第009804号,1,test132,NULL,NULL,违反票据管理规定,罚款1000.00元,中国人民银行上海分行,2016-08-04,0
上海诺哲国际贸易有限公司,沪银罚[2016]第009806号,1,test133,NULL,NULL,违反票据管理规定,罚款1000.00元,中国人民银行上海分行,2016-08-04,0
上海茂郁行贸易有限公司,沪银罚[2016]第009808号,1,test134,NULL,NULL,违反票据管理规定,罚款1000.00元,中国人民银行上海分行,2016-08-04,0
上海合点寿司餐饮管理有限公司第二分公司,沪银罚[2016]第009809号,1,test135,NULL,NULL,违反票据管理规定,罚款1000.00元,中国人民银行上海分行,2016-08-04,0
上海绎欣节能保温材料有限公司,沪银罚[2016]第009811号,1,test136,NULL,NULL,违反票据管理规定,罚款1000.00元,中国人民银行上海分行,2016-08-04,0
上海捷如重工机电设备有限公司,沪银罚[2016]第009812号,1,test137,NULL,NULL,违反票据管理规定,罚款2500.00元,中国人民银行上海分行,2016-08-04,0
上海市松江区洞泾镇家菇装饰材料经营部,沪银罚[2016]第009813号,1,test138,NULL,NULL,违反票据管理规定,罚款1000.00元,中国人民银行上海分行,2016-08-04,0
上海毅辉纺织品有限公司,沪银罚[2016]第009814号,1,test139,NULL,NULL,违反票据管理规定,罚款4575.18元,中国人民银行上海分行,2016-08-04,0
上海普恩节能工程有限公司,沪银罚[2016]第009816号,1,test140,NULL,NULL,违反票据管理规定,罚款1500.00元,中国人民银行上海分行,2016-08-04,0
上海红展包装材料有限公司,沪银罚[2016]第009818号,1,test141,NULL,NULL,违反票据管理规定,罚款1000.00元,中国人民银行上海分行,2016-08-04,0
上海洽客网络信息科技有限公司,沪银罚[2016]第009820号,1,test142,NULL,NULL,违反票据管理规定,罚款1000.00元,中国人民银行上海分行,2016-08-04,0
上海商应建筑设计有限公司,沪银罚[2016]第009821号,1,test143,NULL,NULL,违反票据管理规定,罚款1000.00元,中国人民银行上海分行,2016-08-04,0
上海席幔装潢设计有限公司,沪银罚[2016]第009822号,1,test144,NULL,NULL,违反票据管理规定,罚款1200.00元,中国人民银行上海分行,2016-08-04,0
上海紫欣贸易市场经营管理有限公司,沪银罚[2016]第009823号,1,test145,NULL,NULL,违反票据管理规定,罚款1272.50元,中国人民银行上海分行,2016-08-04,0
上海外山园林绿化工程有限公司,沪银罚[2016]第009824号,1,test146,NULL,NULL,违反票据管理规定,罚款1000.00元,中国人民银行上海分行,2016-08-04,0
上海中可塑料包装有限公司,沪银罚[2016]第009827号,1,test147,NULL,NULL,违反票据管理规定,罚款1000.00元,中国人民银行上海分行,2016-08-04,0
上海朗秀装潢有限公司,沪银罚[2016]第009828号,1,test148,NULL,NULL,违反票据管理规定,罚款1000.00元,中国人民银行上海分行,2016-08-04,0
上海誉丰实业(集团)有限公司,沪银罚[2016]第009833号,1,test149,NULL,NULL,违反票据管理规定,罚款25000.00元,中国人民银行上海分行,2016-08-04,0
上海誉丰实业(集团)有限公司,沪银罚[2016]第009834号,1,test150,NULL,NULL,违反票据管理规定,罚款6755.50元,中国人民银行上海分行,2016-08-04,0
上海建腾塑料制品厂,沪银罚[2016]第009835号,1,test151,NULL,NULL,违反票据管理规定,罚款1921.70元,中国人民银行上海分行,2016-08-04,0
天虹钢结构工程(上海)有限公司,沪银罚[2016]第009837号,1,test152,NULL,NULL,违反票据管理规定,罚款2000.00元,中国人民银行上海分行,2016-08-04,0
上海金得丽涂料有限公司,沪银罚[2016]第009838号,1,test153,NULL,NULL,违反票据管理规定,罚款1000.00元,中国人民银行上海分行,2016-08-04,0
上海原道建设工程有限公司,沪银罚[2016]第009839号,1,test154,NULL,NULL,违反票据管理规定,罚款1850.00元,中国人民银行上海分行,2016-08-04,0
上海邦友汽车服务有限公司,沪银罚[2016]第009840号,1,test155,NULL,NULL,违反票据管理规定,罚款1000.00元,中国人民银行上海分行,2016-08-04,0
上海朵鹏贸易有限公司,沪银罚[2016]第009841号,1,test156,NULL,NULL,违反票据管理规定,罚款3000.00元,中国人民银行上海分行,2016-08-04,0
上海威力特重型矿山机械有限公司,沪银罚[2014]第011115号,1,test157,NULL,NULL,违反票据管理规定,罚款5000.00元,中国人民银行上海分行,2016-07-07,0
上海威力特重型矿山机械有限公司,沪银罚[2014]第034431号,1,test158,NULL,NULL,违反票据管理规定,罚款1000.00元,中国人民银行上海分行,2016-07-07,0
上海威力特重型矿山机械有限公司,沪银罚[2014]第035088号,1,test159,NULL,NULL,违反票据管理规定,罚款3039.64元,中国人民银行上海分行,2016-07-07,0
上海威力特重型矿山机械有限公司,沪银罚[2015]第000172号,1,test160,NULL,NULL,违反票据管理规定,罚款7500.00元,中国人民银行上海分行,2016-07-07,0
上海晋升市政建筑工程有限公司,沪银罚[2016]第001952号,1,test161,NULL,NULL,违反票据管理规定,罚款1650.00元,中国人民银行上海分行,2016-07-07,0
上海存锋实业有限公司,沪银罚[2016]第008402号,1,test162,NULL,NULL,违反票据管理规定,罚款1000.00元,中国人民银行上海分行,2016-07-07,0
上海罗漫新型门窗有限公司,沪银罚[2016]第008403号,1,test163,NULL,NULL,违反票据管理规定,罚款2548.40元,中国人民银行上海分行,2016-07-07,0
上海仁润投资管理有限公司,沪银罚[2016]第008404号,1,test164,NULL,NULL,违反票据管理规定,罚款1000.00元,中国人民银行上海分行,2016-07-07,0
上海洁高建筑装潢设计工程有限公司,沪银罚[2016]第008405号,1,test165,NULL,NULL,违反票据管理规定,罚款1350.00元,中国人民银行上海分行,2016-07-07,0
上海漆鼎实业发展有限公司,沪银罚[2016]第008406号,1,test166,NULL,NULL,违反票据管理规定,罚款150000.00元,中国人民银行上海分行,2016-07-07,0
上海漆鼎实业发展有限公司,沪银罚[2016]第008407号,1,test167,NULL,NULL,违反票据管理规定,罚款30000.00元,中国人民银行上海分行,2016-07-07,0
上海漆鼎实业发展有限公司,沪银罚[2016]第008408号,1,test168,NULL,NULL,违反票据管理规定,罚款25000.00元,中国人民银行上海分行,2016-07-07,0
上海漆鼎实业发展有限公司,沪银罚[2016]第008409号,1,test169,NULL,NULL,违反票据管理规定,罚款150000.00元,中国人民银行上海分行,2016-07-07,0
上海置丽装潢设计有限公司,沪银罚[2016]第008410号,1,test170,NULL,NULL,违反票据管理规定,罚款1000.00元,中国人民银行上海分行,2016-07-07,0
上海璟颜贸易有限公司,沪银罚[2016]第008411号,1,test171,NULL,NULL,违反票据管理规定,罚款2325.00元,中国人民银行上海分行,2016-07-07,0
上海丰坊金属材料有限公司,沪银罚[2016]第008412号,1,test172,NULL,NULL,违反票据管理规定,罚款1000.00元,中国人民银行上海分行,2016-07-07,0
上海腾森装饰工程有限公司,沪银罚[2016]第008413号,1,test173,NULL,NULL,违反票据管理规定,罚款2175.00元,中国人民银行上海分行,2016-07-07,0
上海昌贺装卸服务部,沪银罚[2016]第008414号,1,test174,NULL,NULL,违反票据管理规定,罚款2490.00元,中国人民银行上海分行,2016-07-07,0
上海同伟建筑工程有限公司,沪银罚[2016]第008417号,1,test175,NULL,NULL,违反票据管理规定,罚款5000.00元,中国人民银行上海分行,2016-07-07,0
上海精铭装饰设计工程有限公司,沪银罚[2016]第008418号,1,test176,NULL,NULL,违反票据管理规定,罚款1000.00元,中国人民银行上海分行,2016-07-07,0
上海镁新食品贸易有限公司,沪银罚[2016]第008421号,1,test177,NULL,NULL,违反票据管理规定,罚款7500.00元,中国人民银行上海分行,2016-07-07,0
上海佳源食品有限公司,沪银罚[2016]第008429号,1,test178,NULL,NULL,违反票据管理规定,罚款2100.00元,中国人民银行上海分行,2016-07-07,0
上海铕民实业有限公司,沪银罚[2016]第008431号,1,test179,NULL,NULL,违反票据管理规定,罚款1508.95元,中国人民银行上海分行,2016-07-07,0
上海剑湖纸业有限公司,沪银罚[2016]第008432号,1,test180,NULL,NULL,违反票据管理规定,罚款6800.00元,中国人民银行上海分行,2016-07-07,0
上海尚德汽车销售服务有限公司,沪银罚[2016]第008433号,1,test181,NULL,NULL,违反票据管理规定,罚款1606.25元,中国人民银行上海分行,2016-07-07,0
上海鑫匠金属装饰工程有限公司,沪银罚[2016]第008434号,1,test182,NULL,NULL,违反票据管理规定,罚款1000.00元,中国人民银行上海分行,2016-07-07,0
上海从刚实业有限公司,沪银罚[2016]第008435号,1,test183,NULL,NULL,违反票据管理规定,罚款1000.00元,中国人民银行上海分行,2016-07-07,0
上海程畅建筑装饰工程有限公司,沪银罚[2016]第008438号,1,test184,NULL,NULL,违反票据管理规定,罚款5000.00元,中国人民银行上海分行,2016-07-07,0
上海君静建材有限公司,沪银罚[2016]第008439号,1,test185,NULL,NULL,违反票据管理规定,罚款4180.00元,中国人民银行上海分行,2016-07-07,0
上海华友农副产品市场经营管理有限公司,沪银罚[2016]第008440号,1,test186,NULL,NULL,违反票据管理规定,罚款1000.00元,中国人民银行上海分行,2016-07-07,0
上海申拓广告有限公司,沪银罚[2016]第008442号,1,test187,NULL,NULL,违反票据管理规定,罚款5100.00元,中国人民银行上海分行,2016-07-07,0
上海金日工具有限公司,沪银罚[2016]第008444号,1,test188,NULL,NULL,违反票据管理规定,罚款2414.05元,中国人民银行上海分行,2016-07-07,0
上海康大泵业制造有限公司,沪银罚[2016]第008448号,1,test189,NULL,NULL,违反票据管理规定,罚款5756.00元,中国人民银行上海分行,2016-07-07,0
上海市宝山区泽文综合经营部,沪银罚[2016]第008450号,1,test190,NULL,NULL,违反票据管理规定,罚款1169.65元,中国人民银行上海分行,2016-07-07,0
上海铭仕贸易有限公司,沪银罚[2016]第008451号,1,test191,NULL,NULL,违反票据管理规定,罚款1600.00元,中国人民银行上海分行,2016-07-07,0
上海露津实业有限公司,沪银罚[2016]第008453号,1,test192,NULL,NULL,违反票据管理规定,罚款15000.00元,中国人民银行上海分行,2016-07-07,0
上海燕堡仕体育咨询管理有限公司,沪银罚[2016]第008454号,1,test193,NULL,NULL,违反票据管理规定,罚款5000.00元,中国人民银行上海分行,2016-07-07,0
上海唐志装潢工程有限公司,沪银罚[2016]第008456号,1,test194,NULL,NULL,违反票据管理规定,罚款1200.00元,中国人民银行上海分行,2016-07-07,0
上海临港天物高盛环保企业发展有限公司,沪银罚[2016]第008459号,1,test195,NULL,NULL,违反票据管理规定,罚款1298.10元,中国人民银行上海分行,2016-07-07,0
上海巨瓯电子系统工程有限公司,沪银罚[2016]第008462号,1,test196,NULL,NULL,违反票据管理规定,罚款1000.00元,中国人民银行上海分行,2016-07-07,0
上海奥佳广告有限公司,沪银罚[2011]第032100号,1,test197,NULL,NULL,违反票据管理规定,罚款1000.00元,中国人民银行上海分行,2016-08-05,0
上海煌彤工贸有限公司,沪银罚[2012]第003983号,1,test198,NULL,NULL,违反票据管理规定,罚款3300.00元,中国人民银行上海分行,2016-08-05,0
上海奥佳广告有限公司,沪银罚[2012]第013322号,1,test199,NULL,NULL,违反票据管理规定,罚款1000.00元,中国人民银行上海分行,2016-08-05,0
上海奥佳广告有限公司,沪银罚[2012]第021500号,1,test200,NULL,NULL,违反票据管理规定,罚款1325.00元,中国人民银行上海分行,2016-08-05,0
上海奥佳广告有限公司,沪银罚[2012]第034062号,1,test201,NULL,NULL,违反票据管理规定,罚款1000.00元,中国人民银行上海分行,2016-08-05,0
上海煌彤工贸有限公司,沪银罚[2015]第014956号,1,test202,NULL,NULL,违反票据管理规定,罚款1000.00元,中国人民银行上海分行,2016-08-05,0
上海奥佳广告有限公司,沪银罚[2015]第018936号,1,test203,NULL,NULL,违反票据管理规定,罚款1000.00元,中国人民银行上海分行,2016-08-05,0
上海偃诺实业有限公司,沪银罚[2016]第009146号,1,test204,NULL,NULL,违反票据管理规定,罚款4000.00元,中国人民银行上海分行,2016-08-05,0
上海齐胜纸业有限公司,沪银罚[2016]第009851号,1,test205,NULL,NULL,违反票据管理规定,罚款1000.00元,中国人民银行上海分行,2016-08-05,0
上海固锆门窗有限公司,沪银罚[2016]第009854号,1,test206,NULL,NULL,违反票据管理规定,罚款1000.00元,中国人民银行上海分行,2016-08-05,0
江苏冠中涂装工程有限公司,沪银罚[2016]第009855号,1,test207,NULL,NULL,违反票据管理规定,罚款5000.00元,中国人民银行上海分行,2016-08-05,0
上海慧福科技发展有限公司,沪银罚[2016]第009857号,1,test208,NULL,NULL,违反票据管理规定,罚款2500.00元,中国人民银行上海分行,2016-08-05,0
上海纳佳家具有限公司,沪银罚[2016]第009858号,1,test209,NULL,NULL,违反票据管理规定,罚款1500.00元,中国人民银行上海分行,2016-08-05,0
上海睿宇润滑材料有限公司,沪银罚[2016]第009859号,1,test210,NULL,NULL,违反票据管理规定,罚款2645.40元,中国人民银行上海分行,2016-08-05,0
上海兰亭化妆品有限公司,沪银罚[2016]第009860号,1,test211,NULL,NULL,违反票据管理规定,罚款2000.00元,中国人民银行上海分行,2016-08-05,0
上海品宇实业有限公司,沪银罚[2016]第009861号,1,test212,NULL,NULL,违反票据管理规定,罚款1750.00元,中国人民银行上海分行,2016-08-05,0
上海卧云贸易有限公司,沪银罚[2016]第009862号,1,test213,NULL,NULL,违反票据管理规定,罚款1000.00元,中国人民银行上海分行,2016-08-05,0
上海浩宜石材工程有限公司,沪银罚[2016]第009863号,1,test214,NULL,NULL,违反票据管理规定,罚款10000.00元,中国人民银行上海分行,2016-08-05,0
上海浩宜石材工程有限公司,沪银罚[2016]第009864号,1,test215,NULL,NULL,违反票据管理规定,罚款7500.00元,中国人民银行上海分行,2016-08-05,0
上海兴乐箱包厂,沪银罚[2016]第009865号,1,test216,NULL,NULL,违反票据管理规定,罚款2500.00元,中国人民银行上海分行,2016-08-05,0
上海高愿模具厂,沪银罚[2016]第009866号,1,test217,NULL,NULL,违反票据管理规定,罚款1000.00元,中国人民银行上海分行,2016-08-05,0
上海君道包装制品有限公司,沪银罚[2016]第009867号,1,test218,NULL,NULL,违反票据管理规定,罚款1000.00元,中国人民银行上海分行,2016-08-05,0
上海舜舰装饰工程有限公司,沪银罚[2016]第009868号,1,test219,NULL,NULL,违反票据管理规定,罚款5000.00元,中国人民银行上海分行,2016-08-05,0
上海首柯家具有限公司,沪银罚[2016]第009869号,1,test220,NULL,NULL,违反票据管理规定,罚款1500.00元,中国人民银行上海分行,2016-08-05,0
上海奥佳广告有限公司,沪银罚[2016]第009871号,1,test221,NULL,NULL,违反票据管理规定,罚款1000.00元,中国人民银行上海分行,2016-08-05,0
上海地力通信工程科技有限公司,沪银罚[2016]第009874号,1,test222,NULL,NULL,违反票据管理规定,罚款4000.00元,中国人民银行上海分行,2016-08-05,0
上海市食品药品监督管理局认证审评中心,沪银罚[2016]第009875号,1,test223,NULL,NULL,违反票据管理规定,罚款1000.00元,中国人民银行上海分行,2016-08-05,0
上海真臻贸易有限公司,沪银罚[2016]第009876号,1,test224,NULL,NULL,违反票据管理规定,罚款1000.00元,中国人民银行上海分行,2016-08-05,0
上海浦东浦华五金配件商店,沪银罚[2016]第009877号,1,test225,NULL,NULL,违反票据管理规定,罚款1000.00元,中国人民银行上海分行,2016-08-05,0
上海胜算商业投资管理有限公司,沪银罚[2016]第009878号,1,test226,NULL,NULL,违反票据管理规定,罚款1000.00元,中国人民银行上海分行,2016-08-05,0
商联通汇科技(上海)有限公司,沪银罚[2016]第009886号,1,test227,NULL,NULL,违反票据管理规定,罚款25000.00元,中国人民银行上海分行,2016-08-05,0
上海缔鋆商贸有限公司,沪银罚[2016]第009887号,1,test228,NULL,NULL,违反票据管理规定,罚款1000.00元,中国人民银行上海分行,2016-08-05,0
商联通汇科技(上海)有限公司,沪银罚[2016]第009888号,1,test229,NULL,NULL,违反票据管理规定,罚款25000.00元,中国人民银行上海分行,2016-08-05,0
上海德美装饰品有限公司,沪银罚[2016]第009891号,1,test230,NULL,NULL,违反票据管理规定,罚款1000.00元,中国人民银行上海分行,2016-08-05,0
上海德美装饰品有限公司,沪银罚[2016]第009892号,1,test231,NULL,NULL,违反票据管理规定,罚款5000.00元,中国人民银行上海分行,2016-08-05,0
上海德美装饰品有限公司,沪银罚[2016]第009893号,1,test232,NULL,NULL,违反票据管理规定,罚款2500.00元,中国人民银行上海分行,2016-08-05,0
上海德美装饰品有限公司,沪银罚[2016]第009894号,1,test233,NULL,NULL,违反票据管理规定,罚款1000.00元,中国人民银行上海分行,2016-08-05,0
上海德美装饰品有限公司,沪银罚[2016]第009895号,1,test234,NULL,NULL,违反票据管理规定,罚款2500.00元,中国人民银行上海分行,2016-08-05,0
上海春皓实业有限公司,沪银罚[2014]第032081号,1,test235,NULL,NULL,违反票据管理规定,罚款1040.00元,中国人民银行上海分行,2016-08-08,0
上海春皓实业有限公司,沪银罚[2015]第003612号,1,test236,NULL,NULL,违反票据管理规定,罚款1000.00元,中国人民银行上海分行,2016-08-08,0
上海瑞国房地产经纪事务所,沪银罚[2016]第009901号,1,test237,NULL,NULL,违反票据管理规定,罚款1000.00元,中国人民银行上海分行,2016-08-08,0
上海驰慧石材安装工程有限公司,沪银罚[2016]第009902号,1,test238,NULL,NULL,违反票据管理规定,罚款7500.00元,中国人民银行上海分行,2016-08-08,0
上海鸿福礼包装有限公司,沪银罚[2016]第009905号,1,test239,NULL,NULL,违反票据管理规定,罚款44500.00元,中国人民银行上海分行,2016-08-08,0
上海逸亭文化传播有限公司,沪银罚[2016]第009906号,1,test240,NULL,NULL,违反票据管理规定,罚款1000.00元,中国人民银行上海分行,2016-08-08,0
上海贵存实业有限公司,沪银罚[2016]第009910号,1,test241,NULL,NULL,违反票据管理规定,罚款1000.00元,中国人民银行上海分行,2016-08-08,0
上海凡商投资管理有限公司,沪银罚[2016]第009912号,1,test242,NULL,NULL,违反票据管理规定,罚款7500.00元,中国人民银行上海分行,2016-08-08,0
上海启蒙职业介绍有限公司,沪银罚[2016]第009913号,1,test243,NULL,NULL,违反票据管理规定,罚款1000.00元,中国人民银行上海分行,2016-08-08,0
上海墙特节能材料有限公司,沪银罚[2016]第009914号,1,test244,NULL,NULL,违反票据管理规定,罚款10000.00元,中国人民银行上海分行,2016-08-08,0
上海市闸北区共和新路街道彩丰酒店用品商店,沪银罚[2016]第009915号,1,test245,NULL,NULL,违反票据管理规定,罚款1000.00元,中国人民银行上海分行,2016-08-08,0
上海泉波机械加工厂,沪银罚[2016]第009916号,1,test246,NULL,NULL,违反票据管理规定,罚款1000.00元,中国人民银行上海分行,2016-08-08,0
上海黎富办公家具有限公司,沪银罚[2016]第009917号,1,test247,NULL,NULL,违反票据管理规定,罚款3000.00元,中国人民银行上海分行,2016-08-08,0
弘大集团上海房地产有限公司,沪银罚[2016]第009918号,1,test248,NULL,NULL,违反票据管理规定,罚款23533.00元,中国人民银行上海分行,2016-08-08,0
上海丰登机械制造有限公司,沪银罚[2016]第009920号,1,test249,NULL,NULL,违反票据管理规定,罚款4500.00元,中国人民银行上海分行,2016-08-08,0
上海锦御餐饮经营管理有限公司,沪银罚[2016]第009922号,1,test250,NULL,NULL,违反票据管理规定,罚款15808.41元,中国人民银行上海分行,2016-08-08,0
上海惠黎食品有限公司,沪银罚[2016]第009923号,1,test251,NULL,NULL,违反票据管理规定,罚款1000.00元,中国人民银行上海分行,2016-08-08,0
上海欣尔雅木业有限公司,沪银罚[2016]第009924号,1,test252,NULL,NULL,违反票据管理规定,罚款1000.00元,中国人民银行上海分行,2016-08-08,0
上海纳佳家具有限公司,沪银罚[2016]第009926号,1,test253,NULL,NULL,违反票据管理规定,罚款1000.00元,中国人民银行上海分行,2016-08-08,0
上海纳佳家具有限公司,沪银罚[2016]第009927号,1,test254,NULL,NULL,违反票据管理规定,罚款1000.00元,中国人民银行上海分行,2016-08-08,0
上海纳佳家具有限公司,沪银罚[2016]第009928号,1,test255,NULL,NULL,违反票据管理规定,罚款1250.00元,中国人民银行上海分行,2016-08-08,0
上海鸿鸿表面处理有限公司,沪银罚[2016]第009932号,1,test256,NULL,NULL,违反票据管理规定,罚款7512.50元,中国人民银行上海分行,2016-08-08,0
上海润顶制衣有限公司,沪银罚[2016]第009933号,1,test257,NULL,NULL,违反票据管理规定,罚款1000.00元,中国人民银行上海分行,2016-08-08,0
上海亚念装饰工程有限公司,沪银罚[2016]第009934号,1,test258,NULL,NULL,违反票据管理规定,罚款10000.00元,中国人民银行上海分行,2016-08-08,0
上海鼎熙塑胶制品有限公司,沪银罚[2016]第009935号,1,test259,NULL,NULL,违反票据管理规定,罚款1000.00元,中国人民银行上海分行,2016-08-08,0
上海公耀装潢装饰有限公司,沪银罚[2016]第009936号,1,test260,NULL,NULL,违反票据管理规定,罚款1000.00元,中国人民银行上海分行,2016-08-08,0
北京全峰快递有限责任公司,沪银罚[2016]第009937号,1,test261,NULL,NULL,违反票据管理规定,罚款24750.00元,中国人民银行上海分行,2016-08-08,0
上海全枫物流管理有限公司,沪银罚[2016]第009938号,1,test262,NULL,NULL,违反票据管理规定,罚款5000.00元,中国人民银行上海分行,2016-08-08,0
上海孙胡建筑装饰有限公司,沪银罚[2016]第009939号,1,test263,NULL,NULL,违反票据管理规定,罚款1590.00元,中国人民银行上海分行,2016-08-08,0
上海沪健游乐设备有限公司,沪银罚[2016]第009940号,1,test264,NULL,NULL,违反票据管理规定,罚款1000.00元,中国人民银行上海分行,2016-08-08,0
上海映历工贸有限公司,沪银罚[2016]第009941号,1,test265,NULL,NULL,违反票据管理规定,罚款1500.00元,中国人民银行上海分行,2016-08-08,0
上海锦特办公家具有限公司,沪银罚[2016]第009943号,1,test266,NULL,NULL,违反票据管理规定,罚款1087.50元,中国人民银行上海分行,2016-08-08,0
上海叶晨包装用品有限公司,沪银罚[2016]第009944号,1,test267,NULL,NULL,违反票据管理规定,罚款9228.59元,中国人民银行上海分行,2016-08-08,0
上海昊博防水工程有限公司,沪银罚[2016]第009947号,1,test268,NULL,NULL,违反票据管理规定,罚款20000.00元,中国人民银行上海分行,2016-08-08,0
上海蓝江建筑基础工程有限公司,沪银罚[2016]第009948号,1,test269,NULL,NULL,违反票据管理规定,罚款25000.00元,中国人民银行上海分行,2016-08-08,0
上海冠发装饰材料有限公司,沪银罚[2016]第009544号,1,test270,NULL,NULL,违反票据管理规定,罚款1000.00元,中国人民银行上海分行,2016-08-09,0
上海金隽酒店管理有限公司,沪银罚[2016]第009684号,1,test271,NULL,NULL,违反票据管理规定,罚款5000.00元,中国人民银行上海分行,2016-08-09,0
上海粟昱五金制品有限公司,沪银罚[2016]第009728号,1,test272,NULL,NULL,违反票据管理规定,罚款2500.00元,中国人民银行上海分行,2016-08-09,0
上海景豪机械设备有限公司,沪银罚[2016]第009942号,1,test273,NULL,NULL,违反票据管理规定,罚款1000.00元,中国人民银行上海分行,2016-08-09,0
夏商(上海)实业有限公司,沪银罚[2016]第009951号,1,test274,NULL,NULL,违反票据管理规定,罚款1000.00元,中国人民银行上海分行,2016-08-09,0
上海优趣汇商务咨询有限公司,沪银罚[2016]第009953号,1,test275,NULL,NULL,违反票据管理规定,罚款1000.00元,中国人民银行上海分行,2016-08-09,0
上海优趣汇商务咨询有限公司,沪银罚[2016]第009954号,1,test276,NULL,NULL,违反票据管理规定,罚款1000.00元,中国人民银行上海分行,2016-08-09,0
上海润烽建筑装饰工程有限公司,沪银罚[2016]第009956号,1,test277,NULL,NULL,违反票据管理规定,罚款3000.00元,中国人民银行上海分行,2016-08-09,0
上海滩石资产管理有限公司,沪银罚[2016]第009957号,1,test278,NULL,NULL,违反票据管理规定,罚款1000.00元,中国人民银行上海分行,2016-08-09,0
上海虹伊餐饮管理有限公司,沪银罚[2016]第009960号,1,test279,NULL,NULL,违反票据管理规定,罚款1000.00元,中国人民银行上海分行,2016-08-09,0
上海松美涂料有限公司,沪银罚[2016]第009961号,1,test280,NULL,NULL,违反票据管理规定,罚款3445.00元,中国人民银行上海分行,2016-08-09,0
上海贺农饲料有限公司,沪银罚[2016]第009965号,1,test281,NULL,NULL,违反票据管理规定,罚款204123.00元,中国人民银行上海分行,2016-08-09,0
上海扬乐实业有限公司,沪银罚[2016]第009968号,1,test282,NULL,NULL,违反票据管理规定,罚款1250.00元,中国人民银行上海分行,2016-08-09,0
上海雷阳机械设备制造有限公司,沪银罚[2016]第009969号,1,test283,NULL,NULL,违反票据管理规定,罚款1000.00元,中国人民银行上海分行,2016-08-09,0
上海茜艾环境科技有限公司,沪银罚[2016]第009970号,1,test284,NULL,NULL,违反票据管理规定,罚款12601.75元,中国人民银行上海分行,2016-08-09,0
上海茜艾环境科技有限公司,沪银罚[2016]第009971号,1,test285,NULL,NULL,违反票据管理规定,罚款12601.75元,中国人民银行上海分行,2016-08-09,0
上海茜艾环境科技有限公司,沪银罚[2016]第009972号,1,test286,NULL,NULL,违反票据管理规定,罚款2200.00元,中国人民银行上海分行,2016-08-09,0
上海毓唯实业有限公司,沪银罚[2016]第009980号,1,test287,NULL,NULL,违反票据管理规定,罚款7500.00元,中国人民银行上海分行,2016-08-09,0
上海颂亚服饰有限公司,沪银罚[2016]第009981号,1,test288,NULL,NULL,违反票据管理规定,罚款3000.00元,中国人民银行上海分行,2016-08-09,0
上海沪迁建材有限公司,沪银罚[2016]第009982号,1,test289,NULL,NULL,违反票据管理规定,罚款2500.00元,中国人民银行上海分行,2016-08-09,0
上海市浦东新区人民政府花木街道办事处,沪银罚[2016]第009983号,1,test290,NULL,NULL,违反票据管理规定,罚款12569.20元,中国人民银行上海分行,2016-08-09,0
上海鹰迈信息技术有限公司,沪银罚[2016]第009984号,1,test291,NULL,NULL,违反票据管理规定,罚款5860.50元,中国人民银行上海分行,2016-08-09,0
上海承沪贸易有限公司,沪银罚[2016]第009986号,1,test292,NULL,NULL,违反票据管理规定,罚款16500.00元,中国人民银行上海分行,2016-08-09,0
崇明县实验幼儿园食堂,沪银罚[2016]第009988号,1,test293,NULL,NULL,违反票据管理规定,罚款1000.00元,中国人民银行上海分行,2016-08-09,0
上海牧发装饰材料有限公司,沪银罚[2016]第009990号,1,test294,NULL,NULL,违反票据管理规定,罚款33500.00元,中国人民银行上海分行,2016-08-09,0
上海默迪广告有限公司,沪银罚[2016]第009991号,1,test295,NULL,NULL,违反票据管理规定,罚款1000.00元,中国人民银行上海分行,2016-08-09,0
上海云深实业有限公司,沪银罚[2016]第009992号,1,test296,NULL,NULL,违反票据管理规定,罚款1000.00元,中国人民银行上海分行,2016-08-09,0
上海力凡隆国际贸易有限公司,沪银罚[2016]第009993号,1,test297,NULL,NULL,违反票据管理规定,罚款40000.00元,中国人民银行上海分行,2016-08-09,0
振丰(上海)有限公司,沪银罚[2016]第009994号,1,test298,NULL,NULL,违反票据管理规定,罚款1878.80元,中国人民银行上海分行,2016-08-09,0
上海誉丰实业(集团)有限公司,沪银罚[2016]第009996号,1,test299,NULL,NULL,违反票据管理规定,罚款12310.15元,中国人民银行上海分行,2016-08-09,0
上海姝妍服饰有限公司,沪银罚[2016]第009997号,1,test300,NULL,NULL,违反票据管理规定,罚款1500.00元,中国人民银行上海分行,2016-08-09,0
上海金贸置业有限公司,沪银罚[2016]第009998号,1,test301,NULL,NULL,违反票据管理规定,罚款75000.00元,中国人民银行上海分行,2016-08-09,0
上海盛睿物业管理有限公司,沪银罚[2016]第009999号,1,test302,NULL,NULL,违反票据管理规定,罚款1000.00元,中国人民银行上海分行,2016-08-09,0
上海银富国际物流有限公司,沪银罚[2015]第016764号,1,test303,NULL,NULL,违反票据管理规定,罚款1326.15元,中国人民银行上海分行,2016-08-010,0
上海玉清包装材料有限公司,沪银罚[2016]第009676号,1,test304,NULL,NULL,违反票据管理规定,罚款1000.00元,中国人民银行上海分行,2016-08-010,0
上海融宁信息技术有限公司,沪银罚[2016]第010001号,1,test305,NULL,NULL,违反票据管理规定,罚款5000.00元,中国人民银行上海分行,2016-08-010,0
上海融宁信息技术有限公司,沪银罚[2016]第010002号,1,test306,NULL,NULL,违反票据管理规定,罚款5000.00元,中国人民银行上海分行,2016-08-010,0
上海逸云纺织服饰有限公司,沪银罚[2016]第010004号,1,test307,NULL,NULL,违反票据管理规定,罚款22992.80元,中国人民银行上海分行,2016-08-010,0
上海良夫轴承机电有限公司,沪银罚[2016]第010008号,1,test308,NULL,NULL,违反票据管理规定,罚款1000.00元,中国人民银行上海分行,2016-08-010,0
上海融宁信息技术有限公司,沪银罚[2016]第010009号,1,test309,NULL,NULL,违反票据管理规定,罚款2500.00元,中国人民银行上海分行,2016-08-010,0
上海融宁信息技术有限公司,沪银罚[2016]第010010号,1,test310,NULL,NULL,违反票据管理规定,罚款1330.00元,中国人民银行上海分行,2016-08-010,0
上海耀天玩具有限公司,沪银罚[2016]第010011号,1,test311,NULL,NULL,违反票据管理规定,罚款1000.00元,中国人民银行上海分行,2016-08-010,0
上海奥为建筑节能科技有限公司,沪银罚[2016]第010013号,1,test312,NULL,NULL,违反票据管理规定,罚款2404.90元,中国人民银行上海分行,2016-08-010,0
佳十涂十乐(上海)涂装工程有限公司,沪银罚[2016]第010014号,1,test313,NULL,NULL,违反票据管理规定,罚款1000.00元,中国人民银行上海分行,2016-08-010,0
上海雍锐电子科技有限公司,沪银罚[2016]第010017号,1,test314,NULL,NULL,违反票据管理规定,罚款2500.00元,中国人民银行上海分行,2016-08-010,0
上海雍锐电子科技有限公司,沪银罚[2016]第010018号,1,test315,NULL,NULL,违反票据管理规定,罚款2500.00元,中国人民银行上海分行,2016-08-010,0
上海雍锐电子科技有限公司,沪银罚[2016]第010019号,1,test316,NULL,NULL,违反票据管理规定,罚款2500.00元,中国人民银行上海分行,2016-08-010,0
上海雷亚机械制造研发中心,沪银罚[2016]第010021号,1,test317,NULL,NULL,违反票据管理规定,罚款1000.00元,中国人民银行上海分行,2016-08-010,0
上海华拓建筑机械安装有限公司,沪银罚[2016]第010023号,1,test318,NULL,NULL,违反票据管理规定,罚款2500.00元,中国人民银行上海分行,2016-08-010,0
上海阳恩实业有限公司,沪银罚[2016]第010024号,1,test319,NULL,NULL,违反票据管理规定,罚款1000.00元,中国人民银行上海分行,2016-08-010,0
上海畅铮实业有限公司,沪银罚[2016]第010025号,1,test320,NULL,NULL,违反票据管理规定,罚款7975.00元,中国人民银行上海分行,2016-08-010,0
上海田渡浜五金仪器厂,沪银罚[2016]第010026号,1,test321,NULL,NULL,违反票据管理规定,罚款1000.00元,中国人民银行上海分行,2016-08-010,0
上海山宗建筑工程有限公司,沪银罚[2016]第010028号,1,test322,NULL,NULL,违反票据管理规定,罚款3695.00元,中国人民银行上海分行,2016-08-010,0
北京恒爱装饰工程设计有限公司上海分公司,沪银罚[2016]第010029号,1,test323,NULL,NULL,违反票据管理规定,罚款1235.00元,中国人民银行上海分行,2016-08-010,0
上海安丰实业有限公司,沪银罚[2016]第010030号,1,test324,NULL,NULL,违反票据管理规定,罚款2500.00元,中国人民银行上海分行,2016-08-010,0
北京恒爱装饰工程设计有限公司上海分公司,沪银罚[2016]第010031号,1,test325,NULL,NULL,违反票据管理规定,罚款1000.00元,中国人民银行上海分行,2016-08-010,0
北京恒爱装饰工程设计有限公司上海分公司,沪银罚[2016]第010032号,1,test326,NULL,NULL,违反票据管理规定,罚款1500.00元,中国人民银行上海分行,2016-08-010,0
上海国晶包装材料制造有限公司,沪银罚[2016]第010034号,1,test327,NULL,NULL,违反票据管理规定,罚款2735.00元,中国人民银行上海分行,2016-08-010,0
上海建信果蔬专业合作社,沪银罚[2016]第010036号,1,test328,NULL,NULL,违反票据管理规定,罚款2184.13元,中国人民银行上海分行,2016-08-010,0
上海骏象企业形象设计有限公司,沪银罚[2016]第010039号,1,test329,NULL,NULL,违反票据管理规定,罚款2500.00元,中国人民银行上海分行,2016-08-010,0
上海圣堡莱糖业有限公司,沪银罚[2016]第010040号,1,test330,NULL,NULL,违反票据管理规定,罚款5000.00元,中国人民银行上海分行,2016-08-010,0
上海彩虹坊饮食管理发展有限公司,沪银罚[2016]第010041号,1,test331,NULL,NULL,违反票据管理规定,罚款7932.20元,中国人民银行上海分行,2016-08-010,0
上海万圳家具有限公司,沪银罚[2016]第010042号,1,test332,NULL,NULL,违反票据管理规定,罚款2600.00元,中国人民银行上海分行,2016-08-010,0
上海利晔电器厂,沪银罚[2016]第010043号,1,test333,NULL,NULL,违反票据管理规定,罚款1000.00元,中国人民银行上海分行,2016-08-010,0
上海文远化工有限公司,沪银罚[2016]第010044号,1,test334,NULL,NULL,违反票据管理规定,罚款10000.00元,中国人民银行上海分行,2016-08-010,0
上海峻甲玻璃制品有限公司,沪银罚[2016]第010045号,1,test335,NULL,NULL,违反票据管理规定,罚款1520.00元,中国人民银行上海分行,2016-08-010,0
上海航咨玻璃有限公司,沪银罚[2016]第010046号,1,test336,NULL,NULL,违反票据管理规定,罚款1000.00元,中国人民银行上海分行,2016-08-010,0
上海珈权铝制品有限公司,沪银罚[2016]第010047号,1,test337,NULL,NULL,违反票据管理规定,罚款1066.25元,中国人民银行上海分行,2016-08-010,0
上海蓝台贸易有限公司,沪银罚[2016]第010775号,1,test338,NULL,NULL,违反票据管理规定,罚款1500.00元,中国人民银行上海分行,2016-08-010,0
上海华敏储运有限公司,沪银罚[2011]第019162号,1,test339,NULL,NULL,违反票据管理规定,罚款5000.00元,中国人民银行上海分行,2016-08-011,0
上海业畅机电设备有限公司,沪银罚[2015]第007189号,1,test340,NULL,NULL,违反票据管理规定,罚款1000.00元,中国人民银行上海分行,2016-08-011,0
上海成银建筑有限公司,沪银罚[2016]第001506号,1,test341,NULL,NULL,违反票据管理规定,罚款7500.00元,中国人民银行上海分行,2016-08-011,0
上海言石文化传播有限公司,沪银罚[2016]第001754号,1,test342,NULL,NULL,违反票据管理规定,罚款1000.00元,中国人民银行上海分行,2016-08-011,0
上海宇特阀门有限公司,沪银罚[2016]第002722号,1,test343,NULL,NULL,违反票据管理规定,罚款1016.25元,中国人民银行上海分行,2016-08-011,0
上海璞盈投资管理有限公司,沪银罚[2016]第003156号,1,test344,NULL,NULL,违反票据管理规定,罚款1368.20元,中国人民银行上海分行,2016-08-011,0
上海观池文化传播有限公司,沪银罚[2016]第003936号,1,test345,NULL,NULL,违反票据管理规定,罚款705.84元,中国人民银行上海分行,2016-08-011,0
上海昆成实验室设备有限公司,沪银罚[2016]第005782号,1,test346,NULL,NULL,违反票据管理规定,罚款1445.00元,中国人民银行上海分行,2016-08-011,0
上海领诺建筑装饰有限公司,沪银罚[2016]第005959号,1,test347,NULL,NULL,违反票据管理规定,罚款1000.00元,中国人民银行上海分行,2016-08-011,0
上海领诺建筑装饰有限公司,沪银罚[2016]第005961号,1,test348,NULL,NULL,违反票据管理规定,罚款2500.00元,中国人民银行上海分行,2016-08-011,0
上海翼友木业有限公司,沪银罚[2016]第006481号,1,test349,NULL,NULL,违反票据管理规定,罚款1400.00元,中国人民银行上海分行,2016-08-011,0
上海谛珞轲旅游咨询有限公司,沪银罚[2016]第006640号,1,test350,NULL,NULL,违反票据管理规定,罚款400.00元,中国人民银行上海分行,2016-08-011,0
上海烨伟包装材料有限公司,沪银罚[2016]第007429号,1,test351,NULL,NULL,违反票据管理规定,罚款1560.00元,中国人民银行上海分行,2016-08-011,0
上海逸纯贸易有限公司,沪银罚[2016]第007742号,1,test352,NULL,NULL,违反票据管理规定,罚款3162.39元,中国人民银行上海分行,2016-08-011,0
上海友南特幕墙装潢有限公司,沪银罚[2016]第008419号,1,test353,NULL,NULL,违反票据管理规定,罚款12000.00元,中国人民银行上海分行,2016-08-011,0
上海搏蛟工贸有限公司,沪银罚[2016]第008513号,1,test354,NULL,NULL,违反票据管理规定,罚款500.00元,中国人民银行上海分行,2016-08-011,0
上海篷又帆实业有限公司,沪银罚[2016]第008529号,1,test355,NULL,NULL,违反票据管理规定,罚款19857.39元,中国人民银行上海分行,2016-08-011,0
上海一冠国际贸易有限公司,沪银罚[2016]第008795号,1,test356,NULL,NULL,违反票据管理规定,罚款1500.00元,中国人民银行上海分行,2016-08-011,0
上海齐辉建材有限公司,沪银罚[2016]第008810号,1,test357,NULL,NULL,违反票据管理规定,罚款14130.00元,中国人民银行上海分行,2016-08-011,0
上海培新投资管理有限公司,沪银罚[2016]第008831号,1,test358,NULL,NULL,违反票据管理规定,罚款400.00元,中国人民银行上海分行,2016-08-011,0
上海百川连接器有限公司,沪银罚[2016]第008877号,1,test359,NULL,NULL,违反票据管理规定,罚款11000.00元,中国人民银行上海分行,2016-08-011,0
上海山沃实业有限公司,沪银罚[2016]第008926号,1,test360,NULL,NULL,违反票据管理规定,罚款2752.50元,中国人民银行上海分行,2016-08-011,0
上海昆成实验室设备有限公司,沪银罚[2016]第008962号,1,test361,NULL,NULL,违反票据管理规定,罚款2125.00元,中国人民银行上海分行,2016-08-011,0
上海玉环胶粘制品有限公司,沪银罚[2016]第008972号,1,test362,NULL,NULL,违反票据管理规定,罚款10000.00元,中国人民银行上海分行,2016-08-011,0
上海鸿栋幕墙装饰有限公司,沪银罚[2016]第009140号,1,test363,NULL,NULL,违反票据管理规定,罚款10000.00元,中国人民银行上海分行,2016-08-011,0
上海康寿医疗器械有限公司,沪银罚[2016]第009214号,1,test364,NULL,NULL,违反票据管理规定,罚款2217.50元,中国人民银行上海分行,2016-08-011,0
上海佳志橡塑新材料有限公司,沪银罚[2016]第009216号,1,test365,NULL,NULL,违反票据管理规定,罚款3390.83元,中国人民银行上海分行,2016-08-011,0
上海张彪建材有限公司,沪银罚[2016]第010053号,1,test366,NULL,NULL,违反票据管理规定,罚款5000.00元,中国人民银行上海分行,2016-08-011,0
上海信业智能科技股份有限公司,沪银罚[2016]第010054号,1,test367,NULL,NULL,违反票据管理规定,罚款14331.54元,中国人民银行上海分行,2016-08-011,0
上海齐旺实业有限公司,沪银罚[2016]第010055号,1,test368,NULL,NULL,违反票据管理规定,罚款5000.00元,中国人民银行上海分行,2016-08-011,0
上海勤裕泰食品商店,沪银罚[2016]第010057号,1,test369,NULL,NULL,违反票据管理规定,罚款1000.00元,中国人民银行上海分行,2016-08-011,0
上海隆冠模具钢材有限公司,沪银罚[2016]第010059号,1,test370,NULL,NULL,违反票据管理规定,罚款1565.94元,中国人民银行上海分行,2016-08-011,0
上海金冠国际货运代理有限公司,沪银罚[2016]第010060号,1,test371,NULL,NULL,违反票据管理规定,罚款1000.00元,中国人民银行上海分行,2016-08-011,0
上海意达洗涤剂有限公司,沪银罚[2016]第010061号,1,test372,NULL,NULL,违反票据管理规定,罚款1000.00元,中国人民银行上海分行,2016-08-011,0
上海川臻实业有限公司,沪银罚[2016]第010062号,1,test373,NULL,NULL,违反票据管理规定,罚款4028.80元,中国人民银行上海分行,2016-08-011,0
上海捷云新型石材有限公司,沪银罚[2015]第001736号,1,test374,NULL,NULL,违反票据管理规定,罚款1755.00元,中国人民银行上海分行,2016-08-012,0
上海丽高信息技术有限公司,沪银罚[2016]第006429号,1,test375,NULL,NULL,违反票据管理规定,罚款2500.00元,中国人民银行上海分行,2016-08-012,0
上海臻格实业有限公司,沪银罚[2016]第009714号,1,test376,NULL,NULL,违反票据管理规定,罚款2000.00元,中国人民银行上海分行,2016-08-012,0
上海格瑞特金属制品有限公司,沪银罚[2016]第009959号,1,test377,NULL,NULL,违反票据管理规定,罚款2937.80元,中国人民银行上海分行,2016-08-012,0
上海诚焱塑料包装制品有限公司,沪银罚[2016]第010096号,1,test378,NULL,NULL,违反票据管理规定,罚款1000.00元,中国人民银行上海分行,2016-08-012,0
上海奉卿金属制品有限公司,沪银罚[2016]第010101号,1,test379,NULL,NULL,违反票据管理规定,罚款1000.00元,中国人民银行上海分行,2016-08-012,0
上海木加木家具厂,沪银罚[2016]第010102号,1,test380,NULL,NULL,违反票据管理规定,罚款1435.00元,中国人民银行上海分行,2016-08-012,0
上海奉阳新型建筑材料厂,沪银罚[2016]第010103号,1,test381,NULL,NULL,违反票据管理规定,罚款1650.00元,中国人民银行上海分行,2016-08-012,0
上海九发商贸有限公司,沪银罚[2016]第010105号,1,test382,NULL,NULL,违反票据管理规定,罚款1907.25元,中国人民银行上海分行,2016-08-012,0
上海舜舰装饰工程有限公司,沪银罚[2016]第010108号,1,test383,NULL,NULL,违反票据管理规定,罚款5000.00元,中国人民银行上海分行,2016-08-012,0
上海勇氏禽蛋销售有限公司,沪银罚[2016]第010109号,1,test384,NULL,NULL,违反票据管理规定,罚款1700.00元,中国人民银行上海分行,2016-08-012,0
上海弘祁建筑工程有限公司,沪银罚[2016]第010110号,1,test385,NULL,NULL,违反票据管理规定,罚款1000.00元,中国人民银行上海分行,2016-08-012,0
上海勇品实业有限公司,沪银罚[2016]第010111号,1,test386,NULL,NULL,违反票据管理规定,罚款1000.00元,中国人民银行上海分行,2016-08-012,0
上海铂客思艺术包装有限公司,沪银罚[2016]第010112号,1,test387,NULL,NULL,违反票据管理规定,罚款1000.00元,中国人民银行上海分行,2016-08-012,0
上海京洲家具有限公司,沪银罚[2016]第010114号,1,test388,NULL,NULL,违反票据管理规定,罚款3000.00元,中国人民银行上海分行,2016-08-012,0
上海纵亨投资管理有限公司,沪银罚[2016]第010115号,1,test389,NULL,NULL,违反票据管理规定,罚款1396.00元,中国人民银行上海分行,2016-08-012,0
上海进乾新型建材有限公司,沪银罚[2016]第010116号,1,test390,NULL,NULL,违反票据管理规定,罚款2500.00元,中国人民银行上海分行,2016-08-012,0
上海麦地健康产品市场推广有限公司,沪银罚[2016]第010117号,1,test391,NULL,NULL,违反票据管理规定,罚款1000.00元,中国人民银行上海分行,2016-08-012,0
上海新志快餐有限公司,沪银罚[2016]第010118号,1,test392,NULL,NULL,违反票据管理规定,罚款1155.00元,中国人民银行上海分行,2016-08-012,0
上海进乾新型建材有限公司,沪银罚[2016]第010119号,1,test393,NULL,NULL,违反票据管理规定,罚款2500.00元,中国人民银行上海分行,2016-08-012,0
上海澄信建筑劳务有限公司,沪银罚[2016]第010120号,1,test394,NULL,NULL,违反票据管理规定,罚款3430.00元,中国人民银行上海分行,2016-08-012,0
上海荣尊装饰设计工程有限公司,沪银罚[2016]第010121号,1,test395,NULL,NULL,违反票据管理规定,罚款10000.00元,中国人民银行上海分行,2016-08-012,0
上海晶旭实业有限公司,沪银罚[2016]第010122号,1,test396,NULL,NULL,违反票据管理规定,罚款1000.00元,中国人民银行上海分行,2016-08-012,0
上海振群广告设计制作有限公司,沪银罚[2016]第010123号,1,test397,NULL,NULL,违反票据管理规定,罚款1000.00元,中国人民银行上海分行,2016-08-012,0
上海豪瑞实业发展有限公司,沪银罚[2016]第010124号,1,test398,NULL,NULL,违反票据管理规定,罚款1790.00元,中国人民银行上海分行,2016-08-012,0
上海欣纯实业有限公司,沪银罚[2016]第010125号,1,test399,NULL,NULL,违反票据管理规定,罚款1000.00元,中国人民银行上海分行,2016-08-012,0
上海郑玉建材有限公司,沪银罚[2016]第010126号,1,test400,NULL,NULL,违反票据管理规定,罚款5000.00元,中国人民银行上海分行,2016-08-012,0
上海昌强塑胶有限公司,沪银罚[2016]第010127号,1,test401,NULL,NULL,违反票据管理规定,罚款3000.00元,中国人民银行上海分行,2016-08-012,0
上海申洲建筑装饰工程有限公司,沪银罚[2016]第010128号,1,test402,NULL,NULL,违反票据管理规定,罚款1790.00元,中国人民银行上海分行,2016-08-012,0
上海闽岚机电有限公司,沪银罚[2016]第010129号,1,test403,NULL,NULL,违反票据管理规定,罚款3250.00元,中国人民银行上海分行,2016-08-012,0
上海泓宙工贸有限公司,沪银罚[2016]第010130号,1,test404,NULL,NULL,违反票据管理规定,罚款1500.00元,中国人民银行上海分行,2016-08-012,0
上海涵璐密封件有限公司,沪银罚[2016]第010132号,1,test405,NULL,NULL,违反票据管理规定,罚款1000.00元,中国人民银行上海分行,2016-08-012,0
上海嘉圣酒业有限公司,沪银罚[2016]第010134号,1,test406,NULL,NULL,违反票据管理规定,罚款1000.00元,中国人民银行上海分行,2016-08-012,0
索叶罗(上海)国际贸易有限公司,沪银罚[2016]第010136号,1,test407,NULL,NULL,违反票据管理规定,罚款10000.00元,中国人民银行上海分行,2016-08-012,0
上海美蝶食品有限公司,沪银罚[2016]第010139号,1,test408,NULL,NULL,违反票据管理规定,罚款3250.00元,中国人民银行上海分行,2016-08-012,0
上海骏尧塑料制品有限公司,沪银罚[2016]第010140号,1,test409,NULL,NULL,违反票据管理规定,罚款5000.00元,中国人民银行上海分行,2016-08-012,0
上海锦瑜印刷材料有限公司,沪银罚[2012]第037370号,1,test410,NULL,NULL,违反票据管理规定,罚款10000.00元,中国人民银行上海分行,2016-08-015,0
上海锦瑜印刷材料有限公司,沪银罚[2014]第031704号,1,test411,NULL,NULL,违反票据管理规定,罚款3500.00元,中国人民银行上海分行,2016-08-015,0
上海山水汽车服务有限公司,沪银罚[2015]第029278号,1,test412,NULL,NULL,违反票据管理规定,罚款1000.00元,中国人民银行上海分行,2016-08-015,0
上海锦瑜印刷材料有限公司,沪银罚[2016]第000042号,1,test413,NULL,NULL,违反票据管理规定,罚款2855.00元,中国人民银行上海分行,2016-08-015,0
上海垚齐实业有限公司,沪银罚[2016]第010151号,1,test414,NULL,NULL,违反票据管理规定,罚款1050.00元,中国人民银行上海分行,2016-08-015,0
上海早元幕墙装饰工程有限公司,沪银罚[2016]第010154号,1,test415,NULL,NULL,违反票据管理规定,罚款10585.00元,中国人民银行上海分行,2016-08-015,0
上海睿业贸易有限公司,沪银罚[2016]第010155号,1,test416,NULL,NULL,违反票据管理规定,罚款13481.44元,中国人民银行上海分行,2016-08-015,0
上海铸辉照明科技有限公司,沪银罚[2016]第010159号,1,test417,NULL,NULL,违反票据管理规定,罚款1000.00元,中国人民银行上海分行,2016-08-015,0
上海斯库达建材有限公司,沪银罚[2016]第010162号,1,test418,NULL,NULL,违反票据管理规定,罚款3000.00元,中国人民银行上海分行,2016-08-015,0
上海骏荣国际物流有限公司,沪银罚[2016]第010164号,1,test419,NULL,NULL,违反票据管理规定,罚款3038.29元,中国人民银行上海分行,2016-08-015,0
上海苏虞实业有限公司,沪银罚[2016]第010165号,1,test420,NULL,NULL,违反票据管理规定,罚款1973.05元,中国人民银行上海分行,2016-08-015,0
上海骏荣国际物流有限公司,沪银罚[2016]第010167号,1,test421,NULL,NULL,违反票据管理规定,罚款1500.00元,中国人民银行上海分行,2016-08-015,0
上海市宝山星蕊工具厂,沪银罚[2016]第010171号,1,test422,NULL,NULL,违反票据管理规定,罚款1000.00元,中国人民银行上海分行,2016-08-015,0
上海志生酒店用品有限公司,沪银罚[2016]第010172号,1,test423,NULL,NULL,违反票据管理规定,罚款2105.10元,中国人民银行上海分行,2016-08-015,0
上海南舟实业有限公司普陀山海鲜酒店,沪银罚[2016]第010173号,1,test424,NULL,NULL,违反票据管理规定,罚款2291.82元,中国人民银行上海分行,2016-08-015,0
上海运群模具科技有限公司,沪银罚[2016]第010175号,1,test425,NULL,NULL,违反票据管理规定,罚款1000.00元,中国人民银行上海分行,2016-08-015,0
上海欣凯建筑装潢工程有限公司,沪银罚[2016]第010176号,1,test426,NULL,NULL,违反票据管理规定,罚款2500.00元,中国人民银行上海分行,2016-08-015,0
上海欣凯建筑装潢工程有限公司,沪银罚[2016]第010177号,1,test427,NULL,NULL,违反票据管理规定,罚款2500.00元,中国人民银行上海分行,2016-08-015,0
博世热力技术(上海)有限公司,沪银罚[2016]第010179号,1,test428,NULL,NULL,违反票据管理规定,罚款7783.30元,中国人民银行上海分行,2016-08-015,0
上海思翔厨具有限公司,沪银罚[2016]第010182号,1,test429,NULL,NULL,违反票据管理规定,罚款2500.00元,中国人民银行上海分行,2016-08-015,0
上海青焕建筑安装工程有限公司,沪银罚[2016]第010183号,1,test430,NULL,NULL,违反票据管理规定,罚款3500.00元,中国人民银行上海分行,2016-08-015,0
上海艺鸣装饰工程有限公司,沪银罚[2016]第010184号,1,test431,NULL,NULL,违反票据管理规定,罚款1250.00元,中国人民银行上海分行,2016-08-015,0
上海角斗士投资有限公司,沪银罚[2016]第010185号,1,test432,NULL,NULL,违反票据管理规定,罚款1000.00元,中国人民银行上海分行,2016-08-015,0
上海英泰勒建筑智能化工程有限公司,沪银罚[2016]第010186号,1,test433,NULL,NULL,违反票据管理规定,罚款11000.00元,中国人民银行上海分行,2016-08-015,0
上海索高计算机科技发展有限公司,沪银罚[2016]第010188号,1,test434,NULL,NULL,违反票据管理规定,罚款2480.00元,中国人民银行上海分行,2016-08-015,0
上海顺隆康复器材有限公司,沪银罚[2016]第010190号,1,test435,NULL,NULL,违反票据管理规定,罚款1000.00元,中国人民银行上海分行,2016-08-015,0
上海仲瑶投资管理有限公司,沪银罚[2016]第010192号,1,test436,NULL,NULL,违反票据管理规定,罚款1000.00元,中国人民银行上海分行,2016-08-015,0
上海新威圣制药机械有限公司,沪银罚[2016]第010194号,1,test437,NULL,NULL,违反票据管理规定,罚款1000.00元,中国人民银行上海分行,2016-08-015,0
上海木更津贸易有限公司,沪银罚[2016]第010195号,1,test438,NULL,NULL,违反票据管理规定,罚款1000.00元,中国人民银行上海分行,2016-08-015,0
上海振昂建设工程有限公司,沪银罚[2016]第010199号,1,test439,NULL,NULL,违反票据管理规定,罚款8150.00元,中国人民银行上海分行,2016-08-015,0
上海卡莎布兰卡服饰有限公司,沪银罚[2016]第010200号,1,test440,NULL,NULL,违反票据管理规定,罚款5000.00元,中国人民银行上海分行,2016-08-015,0
华箸缘文化艺术(上海)有限公司,沪银罚[2012]第022932号,1,test441,NULL,NULL,违反票据管理规定,罚款1250.00元,中国人民银行上海分行,2016-08-016,0
华箸缘文化艺术(上海)有限公司,沪银罚[2013]第001514号,1,test442,NULL,NULL,违反票据管理规定,罚款1150.00元,中国人民银行上海分行,2016-08-016,0
华箸缘文化艺术(上海)有限公司,沪银罚[2014]第008217号,1,test443,NULL,NULL,违反票据管理规定,罚款1000.00元,中国人民银行上海分行,2016-08-016,0
华箸缘文化艺术(上海)有限公司,沪银罚[2014]第024537号,1,test444,NULL,NULL,违反票据管理规定,罚款1250.00元,中国人民银行上海分行,2016-08-016,0
华箸缘文化艺术(上海)有限公司,沪银罚[2014]第029876号,1,test445,NULL,NULL,违反票据管理规定,罚款2425.75元,中国人民银行上海分行,2016-08-016,0
华箸缘文化艺术(上海)有限公司,沪银罚[2015]第001943号,1,test446,NULL,NULL,违反票据管理规定,罚款1250.00元,中国人民银行上海分行,2016-08-016,0
华箸缘文化艺术(上海)有限公司,沪银罚[2015]第004909号,1,test447,NULL,NULL,违反票据管理规定,罚款3000.00元,中国人民银行上海分行,2016-08-016,0
华箸缘文化艺术(上海)有限公司,沪银罚[2015]第006915号,1,test448,NULL,NULL,违反票据管理规定,罚款2800.00元,中国人民银行上海分行,2016-08-016,0
华箸缘文化艺术(上海)有限公司,沪银罚[2015]第007348号,1,test449,NULL,NULL,违反票据管理规定,罚款3000.00元,中国人民银行上海分行,2016-08-016,0
华箸缘文化艺术(上海)有限公司,沪银罚[2015]第028131号,1,test450,NULL,NULL,违反票据管理规定,罚款1305.00元,中国人民银行上海分行,2016-08-016,0
上海季风乐器有限公司,沪银罚[2016]第000857号,1,test451,NULL,NULL,违反票据管理规定,罚款1000.00元,中国人民银行上海分行,2016-08-016,0
上海磐金实业有限公司,沪银罚[2016]第001348号,1,test452,NULL,NULL,违反票据管理规定,罚款1835.00元,中国人民银行上海分行,2016-08-016,0
上海磐金实业有限公司,沪银罚[2016]第001349号,1,test453,NULL,NULL,违反票据管理规定,罚款1240.00元,中国人民银行上海分行,2016-08-016,0
上海磐金实业有限公司,沪银罚[2016]第002027号,1,test454,NULL,NULL,违反票据管理规定,罚款1000.00元,中国人民银行上海分行,2016-08-016,0
上海磐金实业有限公司,沪银罚[2016]第002083号,1,test455,NULL,NULL,违反票据管理规定,罚款6000.00元,中国人民银行上海分行,2016-08-016,0
上海越卜生工业炉有限公司,沪银罚[2016]第010075号,1,test456,NULL,NULL,违反票据管理规定,罚款5000.00元,中国人民银行上海分行,2016-08-016,0
上海兰琼制箱有限公司,沪银罚[2016]第010198号,1,test457,NULL,NULL,违反票据管理规定,罚款3000.00元,中国人民银行上海分行,2016-08-016,0
上海泓道国际供应链管理有限公司,沪银罚[2016]第010201号,1,test458,NULL,NULL,违反票据管理规定,罚款2500.00元,中国人民银行上海分行,2016-08-016,0
上海伟奕国际货运代理有限公司,沪银罚[2016]第010205号,1,test459,NULL,NULL,违反票据管理规定,罚款1000.00元,中国人民银行上海分行,2016-08-016,0
上海顺捷电梯有限公司,沪银罚[2016]第010207号,1,test460,NULL,NULL,违反票据管理规定,罚款1000.00元,中国人民银行上海分行,2016-08-016,0
上海若剑贸易有限公司,沪银罚[2016]第010210号,1,test461,NULL,NULL,违反票据管理规定,罚款2000.00元,中国人民银行上海分行,2016-08-016,0
上海巨筑建筑工程有限公司,沪银罚[2016]第010212号,1,test462,NULL,NULL,违反票据管理规定,罚款1965.00元,中国人民银行上海分行,2016-08-016,0
上海简妮诗企业发展股份有限公司,沪银罚[2016]第010214号,1,test463,NULL,NULL,违反票据管理规定,罚款5000.00元,中国人民银行上海分行,2016-08-016,0
上海夏唐实业有限公司,沪银罚[2016]第010215号,1,test464,NULL,NULL,违反票据管理规定,罚款1000.00元,中国人民银行上海分行,2016-08-016,0
上海阅鼎实业有限公司,沪银罚[2016]第010217号,1,test465,NULL,NULL,违反票据管理规定,罚款1000.00元,中国人民银行上海分行,2016-08-016,0
磊沙包装科技(上海)有限公司,沪银罚[2016]第010218号,1,test466,NULL,NULL,违反票据管理规定,罚款3563.68元,中国人民银行上海分行,2016-08-016,0
上海戈青实业有限公司,沪银罚[2016]第010219号,1,test467,NULL,NULL,违反票据管理规定,罚款2085.00元,中国人民银行上海分行,2016-08-016,0
上海地澳自动化科技有限公司,沪银罚[2016]第010220号,1,test468,NULL,NULL,违反票据管理规定,罚款12640.00元,中国人民银行上海分行,2016-08-016,0
上海敬恭实业股份有限公司,沪银罚[2016]第010221号,1,test469,NULL,NULL,违反票据管理规定,罚款1000.00元,中国人民银行上海分行,2016-08-016,0
上海敬恭实业股份有限公司,沪银罚[2016]第010222号,1,test470,NULL,NULL,违反票据管理规定,罚款1110.62元,中国人民银行上海分行,2016-08-016,0
福建省霞浦正隆贸易有限公司,沪银罚[2016]第010223号,1,test471,NULL,NULL,违反票据管理规定,罚款1000.00元,中国人民银行上海分行,2016-08-016,0
上海综宝环境工程有限公司,沪银罚[2016]第010224号,1,test472,NULL,NULL,违反票据管理规定,罚款1750.00元,中国人民银行上海分行,2016-08-016,0
上海贶晨建筑装潢有限公司,沪银罚[2016]第010225号,1,test473,NULL,NULL,违反票据管理规定,罚款9750.00元,中国人民银行上海分行,2016-08-016,0
上海兴烨玻璃制品有限公司,沪银罚[2016]第010226号,1,test474,NULL,NULL,违反票据管理规定,罚款1000.00元,中国人民银行上海分行,2016-08-016,0
上海歆义贸易有限公司,沪银罚[2016]第010228号,1,test475,NULL,NULL,违反票据管理规定,罚款4652.50元,中国人民银行上海分行,2016-08-016,0
上海乾宙建筑装饰工程有限公司,沪银罚[2016]第010229号,1,test476,NULL,NULL,违反票据管理规定,罚款1700.00元,中国人民银行上海分行,2016-08-016,0
上海罗倍拓工业设备有限公司,沪银罚[2016]第010232号,1,test477,NULL,NULL,违反票据管理规定,罚款2400.00元,中国人民银行上海分行,2016-08-016,0
上海翔奇日用品有限公司,沪银罚[2016]第010233号,1,test478,NULL,NULL,违反票据管理规定,罚款1000.00元,中国人民银行上海分行,2016-08-016,0
上海隆骁木业有限公司,沪银罚[2016]第010106号,1,test479,NULL,NULL,违反票据管理规定,罚款2500.00元,中国人民银行上海分行,2016-08-017,0
上海市浦东新区川沙新镇胡浩周禽蛋加工场,沪银罚[2016]第010150号,1,test480,NULL,NULL,违反票据管理规定,罚款1700.00元,中国人民银行上海分行,2016-08-017,0
庞博(上海)贵金属贸易有限公司,沪银罚[2016]第010252号,1,test481,NULL,NULL,违反票据管理规定,罚款1000.00元,中国人民银行上海分行,2016-08-017,0
上海森璟商务咨询有限公司,沪银罚[2016]第010253号,1,test482,NULL,NULL,违反票据管理规定,罚款4195.00元,中国人民银行上海分行,2016-08-017,0
上海茂勋实业有限公司,沪银罚[2016]第010256号,1,test483,NULL,NULL,违反票据管理规定,罚款2000.00元,中国人民银行上海分行,2016-08-017,0
上海茂勋实业有限公司,沪银罚[2016]第010257号,1,test484,NULL,NULL,违反票据管理规定,罚款2250.00元,中国人民银行上海分行,2016-08-017,0
华辰印刷(海门)有限公司,沪银罚[2016]第010258号,1,test485,NULL,NULL,违反票据管理规定,罚款3350.00元,中国人民银行上海分行,2016-08-017,0
上海金腾装饰工程有限公司,沪银罚[2016]第010259号,1,test486,NULL,NULL,违反票据管理规定,罚款1000.00元,中国人民银行上海分行,2016-08-017,0
上海朱刚实业有公司,沪银罚[2016]第010261号,1,test487,NULL,NULL,违反票据管理规定,罚款1000.00元,中国人民银行上海分行,2016-08-017,0
上海帷鑫包装材料有限公司,沪银罚[2016]第010262号,1,test488,NULL,NULL,违反票据管理规定,罚款1000.00元,中国人民银行上海分行,2016-08-017,0
上海阳恩实业有限公司,沪银罚[2016]第010264号,1,test489,NULL,NULL,违反票据管理规定,罚款2045.00元,中国人民银行上海分行,2016-08-017,0
上海拖内发动机制造有限公司,沪银罚[2016]第010265号,1,test490,NULL,NULL,违反票据管理规定,罚款1000.00元,中国人民银行上海分行,2016-08-017,0
上海汉铭机电成套有限公司,沪银罚[2016]第010267号,1,test491,NULL,NULL,违反票据管理规定,罚款1000.00元,中国人民银行上海分行,2016-08-017,0
上海豪采实业有限公司,沪银罚[2016]第010270号,1,test492,NULL,NULL,违反票据管理规定,罚款2205.00元,中国人民银行上海分行,2016-08-017,0
上海博铸资产管理有限公司,沪银罚[2016]第010273号,1,test493,NULL,NULL,违反票据管理规定,罚款1000.00元,中国人民银行上海分行,2016-08-017,0
上海续成机电设备有限公司,沪银罚[2016]第010276号,1,test494,NULL,NULL,违反票据管理规定,罚款1000.00元,中国人民银行上海分行,2016-08-017,0
上海园本建筑工程有限公司,沪银罚[2016]第010277号,1,test495,NULL,NULL,违反票据管理规定,罚款20000.00元,中国人民银行上海分行,2016-08-017,0
上海禧佳家具有限公司,沪银罚[2016]第010278号,1,test496,NULL,NULL,违反票据管理规定,罚款4000.00元,中国人民银行上海分行,2016-08-017,0
上海韵威五金模具有限公司,沪银罚[2016]第010280号,1,test497,NULL,NULL,违反票据管理规定,罚款1000.00元,中国人民银行上海分行,2016-08-017,0
上海新铃木业有限公司,沪银罚[2016]第010286号,1,test498,NULL,NULL,违反票据管理规定,罚款1000.00元,中国人民银行上海分行,2016-08-017,0
上海牧发装饰材料有限公司,沪银罚[2016]第010289号,1,test499,NULL,NULL,违反票据管理规定,罚款1000.00元,中国人民银行上海分行,2016-08-017,0
上海慧源植物胶囊股份有限公司,沪银罚[2016]第010290号,1,test500,NULL,NULL,违反票据管理规定,罚款1000.00元,中国人民银行上海分行,2016-08-017,0
上海贵尊纸塑包装有限公司,沪银罚[2016]第010291号,1,test501,NULL,NULL,违反票据管理规定,罚款1000.00元,中国人民银行上海分行,2016-08-017,0
上海万歌精密机械有限公司,沪银罚[2016]第010292号,1,test502,NULL,NULL,违反票据管理规定,罚款1000.00元,中国人民银行上海分行,2016-08-017,0
上海勤洲商务咨询有限公司,沪银罚[2016]第010294号,1,test503,NULL,NULL,违反票据管理规定,罚款1000.00元,中国人民银行上海分行,2016-08-017,0
上海晟稷纸业有限公司,沪银罚[2016]第010295号,1,test504,NULL,NULL,违反票据管理规定,罚款3500.00元,中国人民银行上海分行,2016-08-017,0
上海寅丰木业有限公司,沪银罚[2016]第010297号,1,test505,NULL,NULL,违反票据管理规定,罚款2704.80元,中国人民银行上海分行,2016-08-017,0
上海玉瑞包装制品有限公司,沪银罚[2016]第010298号,1,test506,NULL,NULL,违反票据管理规定,罚款1000.00元,中国人民银行上海分行,2016-08-017,0
上海龙顺物流有限公司,沪银罚[2016]第001366号,1,test507,NULL,NULL,违反票据管理规定,罚款1000.00元,中国人民银行上海分行,2016-08-018,0
上海锦苗贸易有限公司,沪银罚[2016]第006397号,1,test508,NULL,NULL,违反票据管理规定,罚款1000.00元,中国人民银行上海分行,2016-08-018,0
上海增华电子科技有限公司,沪银罚[2016]第009745号,1,test509,NULL,NULL,违反票据管理规定,罚款2080.00元,中国人民银行上海分行,2016-08-018,0
上海臻格实业有限公司,沪银罚[2016]第009779号,1,test510,NULL,NULL,违反票据管理规定,罚款5000.00元,中国人民银行上海分行,2016-08-018,0
上海泰敬投资管理有限公司,沪银罚[2016]第010279号,1,test511,NULL,NULL,违反票据管理规定,罚款2750.00元,中国人民银行上海分行,2016-08-018,0
上海越慕建筑装潢工程有限公司,沪银罚[2016]第010300号,1,test512,NULL,NULL,违反票据管理规定,罚款1000.00元,中国人民银行上海分行,2016-08-018,0
上海浦仁贸易有限公司,沪银罚[2016]第010301号,1,test513,NULL,NULL,违反票据管理规定,罚款1500.00元,中国人民银行上海分行,2016-08-018,0
上海吉忠服饰有限公司,沪银罚[2016]第010302号,1,test514,NULL,NULL,违反票据管理规定,罚款1500.00元,中国人民银行上海分行,2016-08-018,0
上海博衍国际物流有限公司,沪银罚[2016]第010304号,1,test515,NULL,NULL,违反票据管理规定,罚款1000.00元,中国人民银行上海分行,2016-08-018,0
上海方锆机械制造有限公司,沪银罚[2016]第010305号,1,test516,NULL,NULL,违反票据管理规定,罚款1000.00元,中国人民银行上海分行,2016-08-018,0
上海荣轩化工有限公司,沪银罚[2016]第010306号,1,test517,NULL,NULL,违反票据管理规定,罚款5000.00元,中国人民银行上海分行,2016-08-018,0
上海利添门窗工程有限公司,沪银罚[2016]第010309号,1,test518,NULL,NULL,违反票据管理规定,罚款5000.00元,中国人民银行上海分行,2016-08-018,0
上海普颖建材有限公司,沪银罚[2016]第010313号,1,test519,NULL,NULL,违反票据管理规定,罚款20000.00元,中国人民银行上海分行,2016-08-018,0
苏浙沪集装箱(上海)股份有限公司,沪银罚[2016]第010314号,1,test520,NULL,NULL,违反票据管理规定,罚款3764.55元,中国人民银行上海分行,2016-08-018,0
上海舒台齿轮传动机械有限公司,沪银罚[2016]第010315号,1,test521,NULL,NULL,违反票据管理规定,罚款1000.00元,中国人民银行上海分行,2016-08-018,0
上海毅强企业管理咨询有限公司,沪银罚[2016]第010316号,1,test522,NULL,NULL,违反票据管理规定,罚款1000.00元,中国人民银行上海分行,2016-08-018,0
上海炽诚企业登记代理有限公司,沪银罚[2016]第010317号,1,test523,NULL,NULL,违反票据管理规定,罚款1000.00元,中国人民银行上海分行,2016-08-018,0
上海远舸电子设备有限公司,沪银罚[2016]第010318号,1,test524,NULL,NULL,违反票据管理规定,罚款1000.00元,中国人民银行上海分行,2016-08-018,0
上海椿树实业有限公司,沪银罚[2016]第010319号,1,test525,NULL,NULL,违反票据管理规定,罚款1000.00元,中国人民银行上海分行,2016-08-018,0
上海椿树实业有限公司,沪银罚[2016]第010320号,1,test526,NULL,NULL,违反票据管理规定,罚款5000.00元,中国人民银行上海分行,2016-08-018,0
上海剑文塑料有限公司,沪银罚[2016]第010323号,1,test527,NULL,NULL,违反票据管理规定,罚款1000.00元,中国人民银行上海分行,2016-08-018,0
上海兴五包装材料有限公司,沪银罚[2016]第010324号,1,test528,NULL,NULL,违反票据管理规定,罚款1317.04元,中国人民银行上海分行,2016-08-018,0
上海纳佳家具有限公司,沪银罚[2016]第010325号,1,test529,NULL,NULL,违反票据管理规定,罚款1000.00元,中国人民银行上海分行,2016-08-018,0
上海晋羿机械设备有限公司,沪银罚[2016]第010326号,1,test530,NULL,NULL,违反票据管理规定,罚款1000.00元,中国人民银行上海分行,2016-08-018,0
上海索福德体育文化传媒有限公司,沪银罚[2016]第010330号,1,test531,NULL,NULL,违反票据管理规定,罚款1245.70元,中国人民银行上海分行,2016-08-018,0
上海今乐厨柜有限公司,沪银罚[2016]第010331号,1,test532,NULL,NULL,违反票据管理规定,罚款2515.00元,中国人民银行上海分行,2016-08-018,0
孚利医用电子(上海)有限公司,沪银罚[2016]第010333号,1,test533,NULL,NULL,违反票据管理规定,罚款1000.00元,中国人民银行上海分行,2016-08-018,0
上海禹唐钢结构有限公司,沪银罚[2016]第010335号,1,test534,NULL,NULL,违反票据管理规定,罚款2500.00元,中国人民银行上海分行,2016-08-018,0
上海沙泾印刷装订厂有限公司,沪银罚[2016]第010336号,1,test535,NULL,NULL,违反票据管理规定,罚款1000.00元,中国人民银行上海分行,2016-08-018,0
上海鸿唐实业有限公司,沪银罚[2016]第010337号,1,test536,NULL,NULL,违反票据管理规定,罚款12500.00元,中国人民银行上海分行,2016-08-018,0
上海泽圆家具厂,沪银罚[2016]第010338号,1,test537,NULL,NULL,违反票据管理规定,罚款1585.00元,中国人民银行上海分行,2016-08-018,0
上海兰明菁贸易有限公司,沪银罚[2016]第010339号,1,test538,NULL,NULL,违反票据管理规定,罚款1000.00元,中国人民银行上海分行,2016-08-018,0
上海华晖建设(集团)有限公司,沪银罚[2016]第010343号,1,test539,NULL,NULL,违反票据管理规定,罚款30000.00元,中国人民银行上海分行,2016-08-018,0
上海意瑞装饰材料有限公司,沪银罚[2016]第010347号,1,test540,NULL,NULL,违反票据管理规定,罚款1000.00元,中国人民银行上海分行,2016-08-018,0
上海兢尧装饰材料有限公司,沪银罚[2016]第010348号,1,test541,NULL,NULL,违反票据管理规定,罚款1190.00元,中国人民银行上海分行,2016-08-018,0
上海斌赋废旧物资回收有限公司,沪银罚[2016]第010349号,1,test542,NULL,NULL,违反票据管理规定,罚款3161.48元,中国人民银行上海分行,2016-08-018,0
上海市宝山区嘉谊木材经营部,沪银罚[2016]第010350号,1,test543,NULL,NULL,违反票据管理规定,罚款2400.00元,中国人民银行上海分行,2016-08-018,0
上海锦苗贸易有限公司,沪银罚[2016]第010407号,1,test544,NULL,NULL,违反票据管理规定,罚款1000.00元,中国人民银行上海分行,2016-08-018,0
上海振祥涂料制造有限公司,沪银罚[2015]第029486号,1,test545,NULL,NULL,违反票据管理规定,罚款1580.00元,中国人民银行上海分行,2016-08-019,0
上海亿良塑料五金厂,沪银罚[2016]第009773号,1,test546,NULL,NULL,违反票据管理规定,罚款1500.00元,中国人民银行上海分行,2016-08-019,0
上海圣典家具厂,沪银罚[2016]第010345号,1,test547,NULL,NULL,违反票据管理规定,罚款1000.00元,中国人民银行上海分行,2016-08-019,0
上海屹群计算机有限公司,沪银罚[2016]第010351号,1,test548,NULL,NULL,违反票据管理规定,罚款1000.00元,中国人民银行上海分行,2016-08-019,0
上海丰麟天然保健品有限公司,沪银罚[2016]第010353号,1,test549,NULL,NULL,违反票据管理规定,罚款2500.00元,中国人民银行上海分行,2016-08-019,0
上海茸昌国际货物运输代理有限公司,沪银罚[2016]第010354号,1,test550,NULL,NULL,违反票据管理规定,罚款1000.00元,中国人民银行上海分行,2016-08-019,0
上海耐吉电力集团有限公司,沪银罚[2016]第010356号,1,test551,NULL,NULL,违反票据管理规定,罚款11555.00元,中国人民银行上海分行,2016-08-019,0
上海恒叶电器有限公司,沪银罚[2016]第010357号,1,test552,NULL,NULL,违反票据管理规定,罚款1549.25元,中国人民银行上海分行,2016-08-019,0
上海融宁信息技术有限公司,沪银罚[2016]第010358号,1,test553,NULL,NULL,违反票据管理规定,罚款20000.00元,中国人民银行上海分行,2016-08-019,0
上海渊浩贸易有限公司,沪银罚[2016]第010359号,1,test554,NULL,NULL,违反票据管理规定,罚款1000.00元,中国人民银行上海分行,2016-08-019,0
上海祺闵实业有限公司,沪银罚[2016]第010362号,1,test555,NULL,NULL,违反票据管理规定,罚款1000.00元,中国人民银行上海分行,2016-08-019,0
上海箴赞贸易有限公司,沪银罚[2016]第010363号,1,test556,NULL,NULL,违反票据管理规定,罚款1000.00元,中国人民银行上海分行,2016-08-019,0
上海沛美汽车饰件有限公司,沪银罚[2016]第010365号,1,test557,NULL,NULL,违反票据管理规定,罚款1000.00元,中国人民银行上海分行,2016-08-019,0
上海子廉实业有限公司,沪银罚[2016]第010366号,1,test558,NULL,NULL,违反票据管理规定,罚款1339.25元,中国人民银行上海分行,2016-08-019,0
上海振昂建设工程有限公司,沪银罚[2016]第010368号,1,test559,NULL,NULL,违反票据管理规定,罚款8150.00元,中国人民银行上海分行,2016-08-019,0
上海钻晋投资管理有限公司,沪银罚[2016]第010369号,1,test560,NULL,NULL,违反票据管理规定,罚款1000.00元,中国人民银行上海分行,2016-08-019,0
上海市松江区叶榭镇海宏堆场,沪银罚[2016]第010370号,1,test561,NULL,NULL,违反票据管理规定,罚款18512.50元,中国人民银行上海分行,2016-08-019,0
上海坚坚建筑工程事务所,沪银罚[2016]第010371号,1,test562,NULL,NULL,违反票据管理规定,罚款1000.00元,中国人民银行上海分行,2016-08-019,0
上海美兰湖酒店经营管理有限公司,沪银罚[2016]第010372号,1,test563,NULL,NULL,违反票据管理规定,罚款2500.00元,中国人民银行上海分行,2016-08-019,0
上海强乾装潢设计有限公司,沪银罚[2016]第010374号,1,test564,NULL,NULL,违反票据管理规定,罚款2000.00元,中国人民银行上海分行,2016-08-019,0
上海鼓力建材有限公司,沪银罚[2016]第010375号,1,test565,NULL,NULL,违反票据管理规定,罚款2000.00元,中国人民银行上海分行,2016-08-019,0
上海鼓力建材有限公司,沪银罚[2016]第010376号,1,test566,NULL,NULL,违反票据管理规定,罚款4085.00元,中国人民银行上海分行,2016-08-019,0
上海市浦东新区合庆镇庆丰村民委员会,沪银罚[2016]第010378号,1,test567,NULL,NULL,违反票据管理规定,罚款1000.00元,中国人民银行上海分行,2016-08-019,0
上海兴洁投资咨询有限公司,沪银罚[2016]第010380号,1,test568,NULL,NULL,违反票据管理规定,罚款2500.00元,中国人民银行上海分行,2016-08-019,0
上海徽茸景观工程有限公司,沪银罚[2016]第010381号,1,test569,NULL,NULL,违反票据管理规定,罚款2500.00元,中国人民银行上海分行,2016-08-019,0
上海中油浦东石油销售有限公司绿地申力加油站,沪银罚[2016]第010382号,1,test570,NULL,NULL,违反票据管理规定,罚款1000.00元,中国人民银行上海分行,2016-08-019,0
上海中油浦东石油销售有限公司绿地申力加油站,沪银罚[2016]第010383号,1,test571,NULL,NULL,违反票据管理规定,罚款1000.00元,中国人民银行上海分行,2016-08-019,0
上海卡迪数据处理有限公司,沪银罚[2016]第010384号,1,test572,NULL,NULL,违反票据管理规定,罚款1000.00元,中国人民银行上海分行,2016-08-019,0
上海子廉实业有限公司,沪银罚[2016]第010387号,1,test573,NULL,NULL,违反票据管理规定,罚款1000.00元,中国人民银行上海分行,2016-08-019,0
上海索高计算机科技发展有限公司,沪银罚[2016]第010388号,1,test574,NULL,NULL,违反票据管理规定,罚款18675.00元,中国人民银行上海分行,2016-08-019,0
上海其美金属制品有限公司,沪银罚[2016]第010389号,1,test575,NULL,NULL,违反票据管理规定,罚款5245.40元,中国人民银行上海分行,2016-08-019,0
上海华系金属制品有限公司,沪银罚[2016]第010390号,1,test576,NULL,NULL,违反票据管理规定,罚款1190.00元,中国人民银行上海分行,2016-08-019,0
上海子廉实业有限公司,沪银罚[2016]第010391号,1,test577,NULL,NULL,违反票据管理规定,罚款1000.00元,中国人民银行上海分行,2016-08-019,0
上海子廉实业有限公司,沪银罚[2016]第010392号,1,test578,NULL,NULL,违反票据管理规定,罚款1000.00元,中国人民银行上海分行,2016-08-019,0
上海子廉实业有限公司,沪银罚[2016]第010393号,1,test579,NULL,NULL,违反票据管理规定,罚款1000.00元,中国人民银行上海分行,2016-08-019,0
上海子廉实业有限公司,沪银罚[2016]第010394号,1,test580,NULL,NULL,违反票据管理规定,罚款1000.00元,中国人民银行上海分行,2016-08-019,0
利欧信息技术(上海)有限公司,沪银罚[2016]第010396号,1,test581,NULL,NULL,违反票据管理规定,罚款1370.00元,中国人民银行上海分行,2016-08-019,0
上海荣勉纺织品有限公司,沪银罚[2016]第010397号,1,test582,NULL,NULL,违反票据管理规定,罚款1500.00元,中国人民银行上海分行,2016-08-019,0
上海静何实业有限公司,沪银罚[2016]第010398号,1,test583,NULL,NULL,违反票据管理规定,罚款4300.00元,中国人民银行上海分行,2016-08-019,0
上海御鑫机械制造有限公司,沪银罚[2016]第010399号,1,test584,NULL,NULL,违反票据管理规定,罚款7811.00元,中国人民银行上海分行,2016-08-019,0
上海誉耀实业有限公司,沪银罚[2016]第010400号,1,test585,NULL,NULL,违反票据管理规定,罚款5659.25元,中国人民银行上海分行,2016-08-019,0
上海秦艺广告有限公司,沪银罚[2007]第039628号,1,test586,NULL,NULL,违反票据管理规定,罚款1000.00元,中国人民银行上海分行,2016-08-022,0
上海秦艺广告有限公司,沪银罚[2008]第047173号,1,test587,NULL,NULL,违反票据管理规定,罚款1000.00元,中国人民银行上海分行,2016-08-022,0
上海秦艺广告有限公司,沪银罚[2008]第055269号,1,test588,NULL,NULL,违反票据管理规定,罚款1000.00元,中国人民银行上海分行,2016-08-022,0
上海秦艺广告有限公司,沪银罚[2009]第003687号,1,test589,NULL,NULL,违反票据管理规定,罚款1000.00元,中国人民银行上海分行,2016-08-022,0
上海秦艺广告有限公司,沪银罚[2009]第005851号,1,test590,NULL,NULL,违反票据管理规定,罚款1000.00元,中国人民银行上海分行,2016-08-022,0
上海秦艺广告有限公司,沪银罚[2009]第046393号,1,test591,NULL,NULL,违反票据管理规定,罚款1000.00元,中国人民银行上海分行,2016-08-022,0
上海秦艺广告有限公司,沪银罚[2010]第005833号,1,test592,NULL,NULL,违反票据管理规定,罚款1000.00元,中国人民银行上海分行,2016-08-022,0
上海秦艺广告有限公司,沪银罚[2010]第022680号,1,test593,NULL,NULL,违反票据管理规定,罚款1000.00元,中国人民银行上海分行,2016-08-022,0
上海秦艺广告有限公司,沪银罚[2010]第044383号,1,test594,NULL,NULL,违反票据管理规定,罚款1000.00元,中国人民银行上海分行,2016-08-022,0
上海秦艺广告有限公司,沪银罚[2011]第022202号,1,test595,NULL,NULL,违反票据管理规定,罚款1000.00元,中国人民银行上海分行,2016-08-022,0
上海秦艺广告有限公司,沪银罚[2011]第025882号,1,test596,NULL,NULL,违反票据管理规定,罚款1000.00元,中国人民银行上海分行,2016-08-022,0
上海秦艺广告有限公司,沪银罚[2011]第029617号,1,test597,NULL,NULL,违反票据管理规定,罚款1000.00元,中国人民银行上海分行,2016-08-022,0
上海诣谱自动化装备有限公司,沪银罚[2015]第032387号,1,test598,NULL,NULL,违反票据管理规定,罚款3751.60元,中国人民银行上海分行,2016-08-022,0
上海扬乐实业有限公司,沪银罚[2016]第009967号,1,test599,NULL,NULL,违反票据管理规定,罚款1000.00元,中国人民银行上海分行,2016-08-022,0
上海誉丰实业(集团)有限公司,沪银罚[2016]第009995号,1,test600,NULL,NULL,违反票据管理规定,罚款25000.00元,中国人民银行上海分行,2016-08-022,0
上海誉丰实业(集团)有限公司,沪银罚[2016]第010005号,1,test601,NULL,NULL,违反票据管理规定,罚款24701.50元,中国人民银行上海分行,2016-08-022,0
上海山宗建筑工程有限公司,沪银罚[2016]第010027号,1,test602,NULL,NULL,违反票据管理规定,罚款5500.00元,中国人民银行上海分行,2016-08-022,0
舒展(上海)展览服务有限公司,沪银罚[2016]第010098号,1,test603,NULL,NULL,违反票据管理规定,罚款1000.00元,中国人民银行上海分行,2016-08-022,0
博世热力技术(上海)有限公司,沪银罚[2016]第010178号,1,test604,NULL,NULL,违反票据管理规定,罚款10893.10元,中国人民银行上海分行,2016-08-022,0
上海丰联建设有限公司,沪银罚[2016]第010234号,1,test605,NULL,NULL,违反票据管理规定,罚款1000.00元,中国人民银行上海分行,2016-08-022,0
上海勤洲商务咨询有限公司,沪银罚[2016]第010293号,1,test606,NULL,NULL,违反票据管理规定,罚款1000.00元,中国人民银行上海分行,2016-08-022,0
上海方锆机械制造有限公司,沪银罚[2016]第010307号,1,test607,NULL,NULL,违反票据管理规定,罚款1000.00元,中国人民银行上海分行,2016-08-022,0
上海坤达建设工程有限公司,沪银罚[2016]第010401号,1,test608,NULL,NULL,违反票据管理规定,罚款7500.00元,中国人民银行上海分行,2016-08-022,0
上海韩遇建设工程有限公司,沪银罚[2016]第010402号,1,test609,NULL,NULL,违反票据管理规定,罚款1000.00元,中国人民银行上海分行,2016-08-022,0
上海胜鑫石油化工有限公司,沪银罚[2016]第010404号,1,test610,NULL,NULL,违反票据管理规定,罚款50000.00元,中国人民银行上海分行,2016-08-022,0
上海普丰贸易有限公司,沪银罚[2016]第010405号,1,test611,NULL,NULL,违反票据管理规定,罚款1000.00元,中国人民银行上海分行,2016-08-022,0
上海韦羽家具有限公司,沪银罚[2016]第010408号,1,test612,NULL,NULL,违反票据管理规定,罚款1000.00元,中国人民银行上海分行,2016-08-022,0
上海锦特办公家具有限公司,沪银罚[2016]第010409号,1,test613,NULL,NULL,违反票据管理规定,罚款1250.00元,中国人民银行上海分行,2016-08-022,0
上海兴华医疗保健器械有限责任公司,沪银罚[2016]第010410号,1,test614,NULL,NULL,违反票据管理规定,罚款1000.00元,中国人民银行上海分行,2016-08-022,0
上海宝琦机电成套设备厂,沪银罚[2016]第010411号,1,test615,NULL,NULL,违反票据管理规定,罚款1000.00元,中国人民银行上海分行,2016-08-022,0
上海拉森建筑设计咨询有限公司,沪银罚[2016]第010412号,1,test616,NULL,NULL,违反票据管理规定,罚款2950.00元,中国人民银行上海分行,2016-08-022,0
上海艺德艺术品有限公司,沪银罚[2016]第010414号,1,test617,NULL,NULL,违反票据管理规定,罚款7000.00元,中国人民银行上海分行,2016-08-022,0
上海万昌橱柜有限公司,沪银罚[2016]第010415号,1,test618,NULL,NULL,违反票据管理规定,罚款1250.00元,中国人民银行上海分行,2016-08-022,0
上海德洪钛金有限公司,沪银罚[2016]第010416号,1,test619,NULL,NULL,违反票据管理规定,罚款1000.00元,中国人民银行上海分行,2016-08-022,0
上海播春企业管理事务所,沪银罚[2016]第010419号,1,test620,NULL,NULL,违反票据管理规定,罚款1000.00元,中国人民银行上海分行,2016-08-022,0
上海伟誉物流有限公司,沪银罚[2016]第010420号,1,test621,NULL,NULL,违反票据管理规定,罚款1000.00元,中国人民银行上海分行,2016-08-022,0
成都张江房地产开发有限公司,沪银罚[2016]第010422号,1,test622,NULL,NULL,违反票据管理规定,罚款2853.60元,中国人民银行上海分行,2016-08-022,0
上海学勤实业有限公司,沪银罚[2016]第010424号,1,test623,NULL,NULL,违反票据管理规定,罚款1905.00元,中国人民银行上海分行,2016-08-022,0
上海亘顺企业管理有限公司,沪银罚[2014]第028036号,1,test624,NULL,NULL,违反票据管理规定,罚款2500.00元,中国人民银行上海分行,2016-08-023,0
上海亘顺企业管理有限公司,沪银罚[2015]第022846号,1,test625,NULL,NULL,违反票据管理规定,罚款5119.63元,中国人民银行上海分行,2016-08-023,0
上海民雪冶金设备制造有限公司,沪银罚[2016]第009815号,1,test626,NULL,NULL,违反票据管理规定,罚款15000.00元,中国人民银行上海分行,2016-08-023,0
上海臻格实业有限公司,沪银罚[2016]第010094号,1,test627,NULL,NULL,违反票据管理规定,罚款3000.00元,中国人民银行上海分行,2016-08-023,0
上海鼎池照明电器有限公司,沪银罚[2016]第010166号,1,test628,NULL,NULL,违反票据管理规定,罚款1500.00元,中国人民银行上海分行,2016-08-023,0
上海前卫实业有限公司,沪银罚[2016]第010187号,1,test629,NULL,NULL,违反票据管理规定,罚款3227.50元,中国人民银行上海分行,2016-08-023,0
上海杨琪国际物流有限公司,沪银罚[2016]第010451号,1,test630,NULL,NULL,违反票据管理规定,罚款1000.00元,中国人民银行上海分行,2016-08-023,0
上海斯达工贸总公司,沪银罚[2016]第010452号,1,test631,NULL,NULL,违反票据管理规定,罚款1000.00元,中国人民银行上海分行,2016-08-023,0
上海顺艺物流有限公司,沪银罚[2016]第010453号,1,test632,NULL,NULL,违反票据管理规定,罚款1000.00元,中国人民银行上海分行,2016-08-023,0
上海崇成基础工程有限公司,沪银罚[2016]第010454号,1,test633,NULL,NULL,违反票据管理规定,罚款15000.00元,中国人民银行上海分行,2016-08-023,0
上海松冈纸箱有限公司,沪银罚[2016]第010455号,1,test634,NULL,NULL,违反票据管理规定,罚款1000.00元,中国人民银行上海分行,2016-08-023,0
上海顺艺物流有限公司,沪银罚[2016]第010456号,1,test635,NULL,NULL,违反票据管理规定,罚款1000.00元,中国人民银行上海分行,2016-08-023,0
上海浩燊汽配销售有限公司,沪银罚[2016]第010458号,1,test636,NULL,NULL,违反票据管理规定,罚款1000.00元,中国人民银行上海分行,2016-08-023,0
上海源地餐饮休闲有限公司,沪银罚[2016]第010459号,1,test637,NULL,NULL,违反票据管理规定,罚款1000.00元,中国人民银行上海分行,2016-08-023,0
上海国元米业有限公司,沪银罚[2016]第010460号,1,test638,NULL,NULL,违反票据管理规定,罚款3900.00元,中国人民银行上海分行,2016-08-023,0
上海华之美针织服饰有限公司,沪银罚[2016]第010461号,1,test639,NULL,NULL,违反票据管理规定,罚款1000.00元,中国人民银行上海分行,2016-08-023,0
上海组鎏货架有限公司,沪银罚[2016]第010463号,1,test640,NULL,NULL,违反票据管理规定,罚款1000.00元,中国人民银行上海分行,2016-08-023,0
上海贡园模具五金厂,沪银罚[2016]第010464号,1,test641,NULL,NULL,违反票据管理规定,罚款2205.86元,中国人民银行上海分行,2016-08-023,0
上海同饰建筑科技有限公司,沪银罚[2016]第010465号,1,test642,NULL,NULL,违反票据管理规定,罚款17000.00元,中国人民银行上海分行,2016-08-023,0
上海泖峰宾馆,沪银罚[2016]第010466号,1,test643,NULL,NULL,违反票据管理规定,罚款5660.00元,中国人民银行上海分行,2016-08-023,0
上海栩轩木业有限公司,沪银罚[2016]第010467号,1,test644,NULL,NULL,违反票据管理规定,罚款1250.00元,中国人民银行上海分行,2016-08-023,0
上海畅亨工贸有限公司,沪银罚[2016]第010468号,1,test645,NULL,NULL,违反票据管理规定,罚款1915.00元,中国人民银行上海分行,2016-08-023,0
上海太信实业有限公司,沪银罚[2016]第010469号,1,test646,NULL,NULL,违反票据管理规定,罚款2500.00元,中国人民银行上海分行,2016-08-023,0
上海联怡枇杷乐园投资管理有限公司,沪银罚[2016]第010472号,1,test647,NULL,NULL,违反票据管理规定,罚款1000.00元,中国人民银行上海分行,2016-08-023,0
上海誉丰实业(集团)有限公司,沪银罚[2016]第010473号,1,test648,NULL,NULL,违反票据管理规定,罚款10000.00元,中国人民银行上海分行,2016-08-023,0
上海誉丰实业(集团)有限公司,沪银罚[2016]第010474号,1,test649,NULL,NULL,违反票据管理规定,罚款10000.00元,中国人民银行上海分行,2016-08-023,0
上海誉丰实业(集团)有限公司,沪银罚[2016]第010475号,1,test650,NULL,NULL,违反票据管理规定,罚款10000.00元,中国人民银行上海分行,2016-08-023,0
上海誉丰实业(集团)有限公司,沪银罚[2016]第010476号,1,test651,NULL,NULL,违反票据管理规定,罚款6593.05元,中国人民银行上海分行,2016-08-023,0
大连申鑫商品经纪有限公司上海分公司,沪银罚[2016]第010478号,1,test652,NULL,NULL,违反票据管理规定,罚款1000.00元,中国人民银行上海分行,2016-08-023,0
上海誉丰实业(集团)有限公司,沪银罚[2016]第010482号,1,test653,NULL,NULL,违反票据管理规定,罚款2569.05元,中国人民银行上海分行,2016-08-023,0
上海誉丰实业(集团)有限公司,沪银罚[2016]第010483号,1,test654,NULL,NULL,违反票据管理规定,罚款4500.00元,中国人民银行上海分行,2016-08-023,0
上海联辰快递有限公司,沪银罚[2016]第010484号,1,test655,NULL,NULL,违反票据管理规定,罚款1000.00元,中国人民银行上海分行,2016-08-023,0
上海易来福服饰绣品有限公司,沪银罚[2016]第010486号,1,test656,NULL,NULL,违反票据管理规定,罚款1000.00元,中国人民银行上海分行,2016-08-023,0
上海易来福服饰绣品有限公司,沪银罚[2016]第010487号,1,test657,NULL,NULL,违反票据管理规定,罚款4992.37元,中国人民银行上海分行,2016-08-023,0
上海信淘实业有限公司,沪银罚[2016]第010488号,1,test658,NULL,NULL,违反票据管理规定,罚款1000.00元,中国人民银行上海分行,2016-08-023,0
上海振昂建设工程有限公司,沪银罚[2016]第010490号,1,test659,NULL,NULL,违反票据管理规定,罚款10000.00元,中国人民银行上海分行,2016-08-023,0
上海品源家具制造有限公司,沪银罚[2016]第010492号,1,test660,NULL,NULL,违反票据管理规定,罚款1600.00元,中国人民银行上海分行,2016-08-023,0
上海信浪科技有限公司,沪银罚[2016]第010494号,1,test661,NULL,NULL,违反票据管理规定,罚款1461.60元,中国人民银行上海分行,2016-08-023,0
上海棱光建筑装饰工程设计有限公司,沪银罚[2015]第032817号,1,test662,NULL,NULL,违反票据管理规定,罚款3985.00元,中国人民银行上海分行,2016-08-024,0
上海棱光建筑装饰工程设计有限公司,沪银罚[2016]第002807号,1,test663,NULL,NULL,违反票据管理规定,罚款1500.00元,中国人民银行上海分行,2016-08-024,0
上海颂裕实业发展有限公司,沪银罚[2016]第010504号,1,test664,NULL,NULL,违反票据管理规定,罚款1000.00元,中国人民银行上海分行,2016-08-025,0
上海嘉福隆五金制品有限公司,沪银罚[2016]第010505号,1,test665,NULL,NULL,违反票据管理规定,罚款1000.00元,中国人民银行上海分行,2016-08-025,0
上海途易国际旅行社有限公司,沪银罚[2016]第010506号,1,test666,NULL,NULL,违反票据管理规定,罚款1000.00元,中国人民银行上海分行,2016-08-025,0
上海市闸北区少年宫,沪银罚[2016]第010507号,1,test667,NULL,NULL,违反票据管理规定,罚款1000.00元,中国人民银行上海分行,2016-08-025,0
上海市闸北区少年宫,沪银罚[2016]第010508号,1,test668,NULL,NULL,违反票据管理规定,罚款1000.00元,中国人民银行上海分行,2016-08-025,0
上海市闸北区中小学科技指导站,沪银罚[2016]第010509号,1,test669,NULL,NULL,违反票据管理规定,罚款1000.00元,中国人民银行上海分行,2016-08-025,0
上海市闸北区中小学科技指导站,沪银罚[2016]第010510号,1,test670,NULL,NULL,违反票据管理规定,罚款1000.00元,中国人民银行上海分行,2016-08-025,0
上海平花消防工程设备有限公司,沪银罚[2016]第010511号,1,test671,NULL,NULL,违反票据管理规定,罚款3261.25元,中国人民银行上海分行,2016-08-025,0
上海思旷企业管理咨询有限公司,沪银罚[2016]第010512号,1,test672,NULL,NULL,违反票据管理规定,罚款1000.00元,中国人民银行上海分行,2016-08-025,0
上海可人塑业有限公司,沪银罚[2016]第010513号,1,test673,NULL,NULL,违反票据管理规定,罚款1000.00元,中国人民银行上海分行,2016-08-025,0
上海游墨网络科技有限公司,沪银罚[2016]第010515号,1,test674,NULL,NULL,违反票据管理规定,罚款1000.00元,中国人民银行上海分行,2016-08-025,0
上海哲余建筑工程有限公司,沪银罚[2016]第010517号,1,test675,NULL,NULL,违反票据管理规定,罚款1100.00元,中国人民银行上海分行,2016-08-025,0
上海企乐包装材料有限公司,沪银罚[2016]第010519号,1,test676,NULL,NULL,违反票据管理规定,罚款1000.00元,中国人民银行上海分行,2016-08-025,0
上海时榕实业有限公司,沪银罚[2016]第010520号,1,test677,NULL,NULL,违反票据管理规定,罚款1166.62元,中国人民银行上海分行,2016-08-025,0
上海致瑞服饰有限公司,沪银罚[2016]第010522号,1,test678,NULL,NULL,违反票据管理规定,罚款1000.00元,中国人民银行上海分行,2016-08-025,0
上海久幺计算机科技有限公司,沪银罚[2016]第010523号,1,test679,NULL,NULL,违反票据管理规定,罚款1000.00元,中国人民银行上海分行,2016-08-025,0
上海森曼电子科技有限公司,沪银罚[2016]第010526号,1,test680,NULL,NULL,违反票据管理规定,罚款1000.00元,中国人民银行上海分行,2016-08-025,0
樱美建筑装饰工程(上海)有限公司,沪银罚[2016]第010529号,1,test681,NULL,NULL,违反票据管理规定,罚款1000.00元,中国人民银行上海分行,2016-08-025,0
江苏宏洲建筑装饰工程有限公司上海分公司,沪银罚[2016]第010531号,1,test682,NULL,NULL,违反票据管理规定,罚款60000.00元,中国人民银行上海分行,2016-08-025,0
上海强徽建材有限公司,沪银罚[2016]第010532号,1,test683,NULL,NULL,违反票据管理规定,罚款5000.00元,中国人民银行上海分行,2016-08-025,0
上海古通电力有限公司,沪银罚[2016]第010533号,1,test684,NULL,NULL,违反票据管理规定,罚款1000.00元,中国人民银行上海分行,2016-08-025,0
上海赛因美包装制品有限公司,沪银罚[2016]第010534号,1,test685,NULL,NULL,违反票据管理规定,罚款3789.15元,中国人民银行上海分行,2016-08-025,0
上海银现贸易有限公司,沪银罚[2016]第010535号,1,test686,NULL,NULL,违反票据管理规定,罚款1000.00元,中国人民银行上海分行,2016-08-025,0
上海平韵电工设备有限公司,沪银罚[2016]第010539号,1,test687,NULL,NULL,违反票据管理规定,罚款2660.00元,中国人民银行上海分行,2016-08-025,0
上海船浜制药粉碎设备厂,沪银罚[2016]第010540号,1,test688,NULL,NULL,违反票据管理规定,罚款1000.00元,中国人民银行上海分行,2016-08-025,0
上海铭泽物流有限公司,沪银罚[2016]第010541号,1,test689,NULL,NULL,违反票据管理规定,罚款2143.00元,中国人民银行上海分行,2016-08-025,0
上海渔众鱻餐饮管理有限公司,沪银罚[2016]第010542号,1,test690,NULL,NULL,违反票据管理规定,罚款1000.00元,中国人民银行上海分行,2016-08-025,0
上海市青浦区莉群饭馆,沪银罚[2016]第010544号,1,test691,NULL,NULL,违反票据管理规定,罚款6500.00元,中国人民银行上海分行,2016-08-025,0
上海臻佳水电安装有限公司,沪银罚[2016]第010545号,1,test692,NULL,NULL,违反票据管理规定,罚款5000.00元,中国人民银行上海分行,2016-08-025,0
上海奥帅企业管理咨询有限公司,沪银罚[2016]第010547号,1,test693,NULL,NULL,违反票据管理规定,罚款5000.00元,中国人民银行上海分行,2016-08-025,0
上海三虎包装有限公司,沪银罚[2016]第010550号,1,test694,NULL,NULL,违反票据管理规定,罚款1000.00元,中国人民银行上海分行,2016-08-025,0
上海棱光建筑装饰工程设计有限公司,沪银罚[2013]第011844号,1,test695,NULL,NULL,违反票据管理规定,罚款1000.00元,中国人民银行上海分行,2016-08-026,0
上海棱光建筑装饰工程设计有限公司,沪银罚[2013]第032074号,1,test696,NULL,NULL,违反票据管理规定,罚款1550.00元,中国人民银行上海分行,2016-08-026,0
上海贯博工贸有限公司,沪银罚[2014]第007272号,1,test697,NULL,NULL,违反票据管理规定,罚款1000.00元,中国人民银行上海分行,2016-08-026,0
上海威盛报关有限公司,沪银罚[2015]第006833号,1,test698,NULL,NULL,违反票据管理规定,罚款1000.00元,中国人民银行上海分行,2016-08-026,0
上海棱光建筑装饰工程设计有限公司,沪银罚[2015]第018228号,1,test699,NULL,NULL,违反票据管理规定,罚款1225.00元,中国人民银行上海分行,2016-08-026,0
上海棱光建筑装饰工程设计有限公司,沪银罚[2015]第023669号,1,test700,NULL,NULL,违反票据管理规定,罚款1000.00元,中国人民银行上海分行,2016-08-026,0
上海贯博工贸有限公司,沪银罚[2015]第026092号,1,test701,NULL,NULL,违反票据管理规定,罚款1185.00元,中国人民银行上海分行,2016-08-026,0
上海棱光建筑装饰工程设计有限公司,沪银罚[2015]第027305号,1,test702,NULL,NULL,违反票据管理规定,罚款1000.00元,中国人民银行上海分行,2016-08-026,0
上海棱光建筑装饰工程设计有限公司,沪银罚[2015]第028233号,1,test703,NULL,NULL,违反票据管理规定,罚款1000.00元,中国人民银行上海分行,2016-08-026,0
上海棱光建筑装饰工程设计有限公司,沪银罚[2015]第028239号,1,test704,NULL,NULL,违反票据管理规定,罚款1775.60元,中国人民银行上海分行,2016-08-026,0
上海棱光建筑装饰工程设计有限公司,沪银罚[2015]第028834号,1,test705,NULL,NULL,违反票据管理规定,罚款1000.00元,中国人民银行上海分行,2016-08-026,0
上海棱光建筑装饰工程设计有限公司,沪银罚[2015]第029133号,1,test706,NULL,NULL,违反票据管理规定,罚款2900.00元,中国人民银行上海分行,2016-08-026,0
上海贯博工贸有限公司,沪银罚[2016]第000484号,1,test707,NULL,NULL,违反票据管理规定,罚款1000.00元,中国人民银行上海分行,2016-08-026,0
上海轩祺建筑装饰工程有限公司,沪银罚[2016]第010551号,1,test708,NULL,NULL,违反票据管理规定,罚款2335.00元,中国人民银行上海分行,2016-08-026,0
上海飞昱食品有限公司,沪银罚[2016]第010553号,1,test709,NULL,NULL,违反票据管理规定,罚款1000.00元,中国人民银行上海分行,2016-08-026,0
上海凯顿百森建筑工程有限公司,沪银罚[2016]第010555号,1,test710,NULL,NULL,违反票据管理规定,罚款1000.00元,中国人民银行上海分行,2016-08-026,0
上海市浦东新区机场镇共和村民委员会第四村民小组,沪银罚[2016]第010557号,1,test711,NULL,NULL,违反票据管理规定,罚款1000.00元,中国人民银行上海分行,2016-08-026,0
上海索云门业有限公司,沪银罚[2016]第010559号,1,test712,NULL,NULL,违反票据管理规定,罚款1000.00元,中国人民银行上海分行,2016-08-026,0
上海展篆包装材料有限公司,沪银罚[2016]第010561号,1,test713,NULL,NULL,违反票据管理规定,罚款1577.71元,中国人民银行上海分行,2016-08-026,0
福鼎白茶股份有限公司上海分公司,沪银罚[2016]第010562号,1,test714,NULL,NULL,违反票据管理规定,罚款1000.00元,中国人民银行上海分行,2016-08-026,0
上海畅铮实业有限公司,沪银罚[2016]第010563号,1,test715,NULL,NULL,违反票据管理规定,罚款23625.00元,中国人民银行上海分行,2016-08-026,0
上海普马斯特建筑装饰工程有限公司浦东分公司,沪银罚[2016]第010564号,1,test716,NULL,NULL,违反票据管理规定,罚款1000.00元,中国人民银行上海分行,2016-08-026,0
上海怀田实业有限公司,沪银罚[2016]第010565号,1,test717,NULL,NULL,违反票据管理规定,罚款1000.00元,中国人民银行上海分行,2016-08-026,0
嘉定工业区小雨粮油店,沪银罚[2016]第010566号,1,test718,NULL,NULL,违反票据管理规定,罚款1170.00元,中国人民银行上海分行,2016-08-026,0
上海有色金属压延厂,沪银罚[2016]第010568号,1,test719,NULL,NULL,违反票据管理规定,罚款1000.00元,中国人民银行上海分行,2016-08-026,0
上海市闵行区好特优办公用品经营部,沪银罚[2016]第010569号,1,test720,NULL,NULL,违反票据管理规定,罚款2475.00元,中国人民银行上海分行,2016-08-026,0
上海荔琛木业有限公司,沪银罚[2016]第010570号,1,test721,NULL,NULL,违反票据管理规定,罚款1400.00元,中国人民银行上海分行,2016-08-026,0
上海茸昌国际货物运输代理有限公司,沪银罚[2016]第010571号,1,test722,NULL,NULL,违反票据管理规定,罚款1000.00元,中国人民银行上海分行,2016-08-026,0
上海千峰实业有限公司,沪银罚[2016]第010572号,1,test723,NULL,NULL,违反票据管理规定,罚款1259.50元,中国人民银行上海分行,2016-08-026,0
上海拉森建筑设计咨询有限公司,沪银罚[2016]第010574号,1,test724,NULL,NULL,违反票据管理规定,罚款1700.00元,中国人民银行上海分行,2016-08-026,0
上海彤汇建筑装饰工程有限公司,沪银罚[2016]第010575号,1,test725,NULL,NULL,违反票据管理规定,罚款1000.00元,中国人民银行上海分行,2016-08-026,0
上海亚颐鞋材有限公司,沪银罚[2016]第010576号,1,test726,NULL,NULL,违反票据管理规定,罚款1000.00元,中国人民银行上海分行,2016-08-026,0
上海皇果贸易有限公司,沪银罚[2016]第010577号,1,test727,NULL,NULL,违反票据管理规定,罚款1000.00元,中国人民银行上海分行,2016-08-026,0
上海马亮机械设备工程有限公司,沪银罚[2016]第010579号,1,test728,NULL,NULL,违反票据管理规定,罚款1000.00元,中国人民银行上海分行,2016-08-026,0
上海掘美企业策划有限公司,沪银罚[2016]第010581号,1,test729,NULL,NULL,违反票据管理规定,罚款2000.00元,中国人民银行上海分行,2016-08-026,0
上海金山酱菜调味品厂,沪银罚[2016]第010582号,1,test730,NULL,NULL,违反票据管理规定,罚款1000.00元,中国人民银行上海分行,2016-08-026,0
上海掘美企业策划有限公司,沪银罚[2016]第010584号,1,test731,NULL,NULL,违反票据管理规定,罚款1000.00元,中国人民银行上海分行,2016-08-026,0
上海好景照明设计工程有限公司,沪银罚[2016]第010585号,1,test732,NULL,NULL,违反票据管理规定,罚款1000.00元,中国人民银行上海分行,2016-08-026,0
上海富疆国际物流有限公司,沪银罚[2016]第010586号,1,test733,NULL,NULL,违反票据管理规定,罚款1000.00元,中国人民银行上海分行,2016-08-026,0
上海潭舜五金有限公司,沪银罚[2016]第010588号,1,test734,NULL,NULL,违反票据管理规定,罚款1000.00元,中国人民银行上海分行,2016-08-026,0
上海艺笙文化传播有限公司,沪银罚[2013]第018017号,1,test735,NULL,NULL,违反票据管理规定,罚款4490.00元,中国人民银行上海分行,2016-08-029,0
上海龙造电气有限公司,沪银罚[2016]第010600号,1,test736,NULL,NULL,违反票据管理规定,罚款2500.00元,中国人民银行上海分行,2016-08-029,0
上海昱筑建筑材料有限公司,沪银罚[2016]第010603号,1,test737,NULL,NULL,违反票据管理规定,罚款1400.00元,中国人民银行上海分行,2016-08-029,0
上海昱筑建筑材料有限公司,沪银罚[2016]第010604号,1,test738,NULL,NULL,违反票据管理规定,罚款1400.00元,中国人民银行上海分行,2016-08-029,0
上海从然实业有限公司,沪银罚[2016]第010605号,1,test739,NULL,NULL,违反票据管理规定,罚款1000.00元,中国人民银行上海分行,2016-08-029,0
上海伊卡鲁斯服装有限公司,沪银罚[2016]第010606号,1,test740,NULL,NULL,违反票据管理规定,罚款17500.00元,中国人民银行上海分行,2016-08-029,0
上海心融健康科技有限公司,沪银罚[2016]第010609号,1,test741,NULL,NULL,违反票据管理规定,罚款2124.60元,中国人民银行上海分行,2016-08-029,0
上海鸿剑制冷设备有限公司,沪银罚[2016]第010615号,1,test742,NULL,NULL,违反票据管理规定,罚款2736.50元,中国人民银行上海分行,2016-08-029,0
上海鸿剑制冷设备有限公司,沪银罚[2016]第010616号,1,test743,NULL,NULL,违反票据管理规定,罚款1500.00元,中国人民银行上海分行,2016-08-029,0
上海茸能机电成套设备有限公司,沪银罚[2016]第010617号,1,test744,NULL,NULL,违反票据管理规定,罚款50000.00元,中国人民银行上海分行,2016-08-029,0
上海振西手帕厂,沪银罚[2016]第010619号,1,test745,NULL,NULL,违反票据管理规定,罚款1000.00元,中国人民银行上海分行,2016-08-029,0
上海润翔建筑工程有限公司,沪银罚[2016]第010620号,1,test746,NULL,NULL,违反票据管理规定,罚款1125.00元,中国人民银行上海分行,2016-08-029,0
上海龙造电气有限公司,沪银罚[2016]第010622号,1,test747,NULL,NULL,违反票据管理规定,罚款2500.00元,中国人民银行上海分行,2016-08-029,0
中视微影新能源科技发展(上海)有限公司,沪银罚[2016]第010624号,1,test748,NULL,NULL,违反票据管理规定,罚款5000.00元,中国人民银行上海分行,2016-08-029,0
上海福春酒业有限公司,沪银罚[2016]第010625号,1,test749,NULL,NULL,违反票据管理规定,罚款4134.00元,中国人民银行上海分行,2016-08-029,0
上海茜艾环境科技有限公司,沪银罚[2016]第010626号,1,test750,NULL,NULL,违反票据管理规定,罚款1000.00元,中国人民银行上海分行,2016-08-029,0
上海易伦文化传播有限公司,沪银罚[2016]第010627号,1,test751,NULL,NULL,违反票据管理规定,罚款1000.00元,中国人民银行上海分行,2016-08-029,0
上海舒上电梯装潢有限公司,沪银罚[2016]第010628号,1,test752,NULL,NULL,违反票据管理规定,罚款1500.00元,中国人民银行上海分行,2016-08-029,0
上海舒上电梯装潢有限公司,沪银罚[2016]第010629号,1,test753,NULL,NULL,违反票据管理规定,罚款1935.00元,中国人民银行上海分行,2016-08-029,0
上海舒上电梯装潢有限公司,沪银罚[2016]第010630号,1,test754,NULL,NULL,违反票据管理规定,罚款2298.30元,中国人民银行上海分行,2016-08-029,0
上海舒上电梯装潢有限公司,沪银罚[2016]第010631号,1,test755,NULL,NULL,违反票据管理规定,罚款2500.00元,中国人民银行上海分行,2016-08-029,0
上海山依文化传播有限公司,沪银罚[2016]第010632号,1,test756,NULL,NULL,违反票据管理规定,罚款1000.00元,中国人民银行上海分行,2016-08-029,0
科倍企业发展(上海)有限公司,沪银罚[2016]第010633号,1,test757,NULL,NULL,违反票据管理规定,罚款13000.00元,中国人民银行上海分行,2016-08-029,0
因索商贸(上海)有限公司,沪银罚[2016]第010634号,1,test758,NULL,NULL,违反票据管理规定,罚款1000.00元,中国人民银行上海分行,2016-08-029,0
上海早陆晚玖餐饮管理有限公司,沪银罚[2016]第010636号,1,test759,NULL,NULL,违反票据管理规定,罚款1650.00元,中国人民银行上海分行,2016-08-029,0
上海勇拓建筑装饰工程有限公司,沪银罚[2016]第010637号,1,test760,NULL,NULL,违反票据管理规定,罚款5000.00元,中国人民银行上海分行,2016-08-029,0
上海市静安区小叶水产店,沪银罚[2016]第010638号,1,test761,NULL,NULL,违反票据管理规定,罚款1750.00元,中国人民银行上海分行,2016-08-029,0
上海然欣实业有限公司,沪银罚[2016]第010640号,1,test762,NULL,NULL,违反票据管理规定,罚款1000.00元,中国人民银行上海分行,2016-08-029,0
中视微影新能源科技发展(上海)有限公司,沪银罚[2016]第010641号,1,test763,NULL,NULL,违反票据管理规定,罚款5000.00元,中国人民银行上海分行,2016-08-029,0
中视微影新能源科技发展(上海)有限公司,沪银罚[2016]第010642号,1,test764,NULL,NULL,违反票据管理规定,罚款3000.00元,中国人民银行上海分行,2016-08-029,0
上海中视微影投资集团有限公司,沪银罚[2016]第010643号,1,test765,NULL,NULL,违反票据管理规定,罚款24911.40元,中国人民银行上海分行,2016-08-029,0
上海春雨物流有限公司,沪银罚[2016]第010644号,1,test766,NULL,NULL,违反票据管理规定,罚款1072.65元,中国人民银行上海分行,2016-08-029,0
上海智善佳实业有限公司,沪银罚[2016]第010646号,1,test767,NULL,NULL,违反票据管理规定,罚款1500.00元,中国人民银行上海分行,2016-08-029,0
上海和丰木业有限公司第二分公司,沪银罚[2016]第010647号,1,test768,NULL,NULL,违反票据管理规定,罚款1540.00元,中国人民银行上海分行,2016-08-029,0
上海市嘉定区马陆镇董吴百货商店,沪银罚[2016]第010648号,1,test769,NULL,NULL,违反票据管理规定,罚款1000.00元,中国人民银行上海分行,2016-08-029,0
上海胜吉建筑装饰工程有限公司,沪银罚[2016]第010649号,1,test770,NULL,NULL,违反票据管理规定,罚款5000.00元,中国人民银行上海分行,2016-08-029,0
上海来顺货运代理有限公司,沪银罚[2016]第010650号,1,test771,NULL,NULL,违反票据管理规定,罚款1000.00元,中国人民银行上海分行,2016-08-029,0
上海胜风建筑工程有限公司,沪银罚[2016]第011006号,1,test772,NULL,NULL,违反票据管理规定,罚款1500.00元,中国人民银行上海分行,2016-08-029,0
上海亚弘过滤器材有限公司,沪银罚[2007]第043434号,1,test773,NULL,NULL,违反票据管理规定,罚款2000.00元,中国人民银行上海分行,2016-08-030,0
上海昶泰包装制品有限公司,沪银罚[2015]第024171号,1,test774,NULL,NULL,违反票据管理规定,罚款1000.00元,中国人民银行上海分行,2016-08-030,0
上海六塔实业有限公司,沪银罚[2015]第030314号,1,test775,NULL,NULL,违反票据管理规定,罚款1000.00元,中国人民银行上海分行,2016-08-030,0
上海翱燕实业有限公司,沪银罚[2016]第004014号,1,test776,NULL,NULL,违反票据管理规定,罚款1000.00元,中国人民银行上海分行,2016-08-030,0
上海慧宁商贸发展有限公司,沪银罚[2016]第010449号,1,test777,NULL,NULL,违反票据管理规定,罚款1143.00元,中国人民银行上海分行,2016-08-030,0
上海同趣实业有限公司,沪银罚[2016]第010599号,1,test778,NULL,NULL,违反票据管理规定,罚款1000.00元,中国人民银行上海分行,2016-08-030,0
上海悫丰实业有限公司,沪银罚[2016]第010610号,1,test779,NULL,NULL,违反票据管理规定,罚款1925.00元,中国人民银行上海分行,2016-08-030,0
上海悫丰实业有限公司,沪银罚[2016]第010611号,1,test780,NULL,NULL,违反票据管理规定,罚款1000.00元,中国人民银行上海分行,2016-08-030,0
上海悫丰实业有限公司,沪银罚[2016]第010612号,1,test781,NULL,NULL,违反票据管理规定,罚款1500.00元,中国人民银行上海分行,2016-08-030,0
上海悫丰实业有限公司,沪银罚[2016]第010613号,1,test782,NULL,NULL,违反票据管理规定,罚款1450.00元,中国人民银行上海分行,2016-08-030,0
上海悫丰实业有限公司,沪银罚[2016]第010614号,1,test783,NULL,NULL,违反票据管理规定,罚款2500.00元,中国人民银行上海分行,2016-08-030,0
上海向品建筑工程有限公司,沪银罚[2016]第010652号,1,test784,NULL,NULL,违反票据管理规定,罚款10000.00元,中国人民银行上海分行,2016-08-030,0
上海新铃木业有限公司,沪银罚[2016]第010655号,1,test785,NULL,NULL,违反票据管理规定,罚款1000.00元,中国人民银行上海分行,2016-08-030,0
上海特领实业集团有限公司,沪银罚[2016]第010657号,1,test786,NULL,NULL,违反票据管理规定,罚款1000.00元,中国人民银行上海分行,2016-08-030,0
上海易来福服饰绣品有限公司,沪银罚[2016]第010658号,1,test787,NULL,NULL,违反票据管理规定,罚款7500.00元,中国人民银行上海分行,2016-08-030,0
上海杰鲍实业有限公司,沪银罚[2016]第010659号,1,test788,NULL,NULL,违反票据管理规定,罚款1000.00元,中国人民银行上海分行,2016-08-030,0
上海市闵行区七宝中力电器经营部,沪银罚[2016]第010660号,1,test789,NULL,NULL,违反票据管理规定,罚款1000.00元,中国人民银行上海分行,2016-08-030,0
上海兰剑塑胶模具有限公司,沪银罚[2016]第010661号,1,test790,NULL,NULL,违反票据管理规定,罚款1000.00元,中国人民银行上海分行,2016-08-030,0
上海尼冉贸易有限公司,沪银罚[2016]第010662号,1,test791,NULL,NULL,违反票据管理规定,罚款1000.00元,中国人民银行上海分行,2016-08-030,0
上海围城建设工程有限公司,沪银罚[2016]第010663号,1,test792,NULL,NULL,违反票据管理规定,罚款5474.70元,中国人民银行上海分行,2016-08-030,0